東京エムジー時計,2024-04-10,,2,1,ー,時計,SS,ROLEX,,114270,,Z番 　ローター異音  ,,,,落札,"      545,000",,,,,,,,,,,,,,
東京エムジー時計,2024-04-10,,2,2,ー,時計,SS,ROLEX,,16570,,T番   ,,,,落札,"      680,000",,,,,,,,,,,,,,
東京エムジー時計,2024-04-10,,2,3,ー,時計,SS,ROLEX,,16570,,Y番 保 1コマ  ,,,,落札,"      884,000",,,,,,,,,,,,,,
東京エムジー時計,2024-04-10,,2,4,ー,時計,SS,ROLEX,,114300,,保 2016/7/1,,,,落札,"      950,000",,,,,,,,,,,,,,
東京エムジー時計,2024-04-10,,2,5,ー,時計,SS,ROLEX,,14060,,,,,,落札,"      750,000",,,,,,,,,,,,,,
東京エムジー時計,2024-04-10,,2,6,ー,時計,SS,ROLEX,,14060,,F番   ,,,,落札,"      940,000",,,,,,,,,,,,,,
東京エムジー時計,2024-04-10,,2,7,ー,時計,SS,ROLEX,,16800,,82番 　 ルミナスルミノバベゼル固着  ,,,,落札,"      920,000",,,,,,,,,,,,,,
東京エムジー時計,2024-04-10,,2,8,ー,時計,SS,ROLEX,,16700,,U番   ,,,,落札,"      1,200,000",,,,,,,,,,,,,,
東京エムジー時計,2024-04-10,,2,9,ー,時計,SY,ROLEX,,1803,,8番 　社外SSブレス  ,,,,落札,"      900,000",,,,,,,,,,,,,,
東京エムジー時計,2024-04-10,,2,10,ー,時計,YG,ROLEX,,18038,,98番 1コマ  ,,,,落札,"      1,530,000",,,,,,,,,,,,,,
東京エムジー時計,2024-04-10,,3,1,ー,時計,SW,ROLEX,,79174,,K番 箱 保 1コマ デイトジャスト  ,,,,落札,"      460,000",,,,,,,,,,,,,,
東京エムジー時計,2024-04-10,,3,2,ー,時計,SY,ROLEX,,69173,,W番 箱 保 3コマ デイトジャスト カレ遅カレ引っ掛かり  ,,,,落札,"      554,000",,,,,,,,,,,,,,
東京エムジー時計,2024-04-10,,3,3,ー,時計,SS,ROLEX,,14000,,W番 箱 保 1コマ エアキング  ,,,,落札,"      516,000",,,,,,,,,,,,,,
東京エムジー時計,2024-04-10,,3,4,ー,時計,SS,ROLEX,,16200,,K番 箱 保 デイトジャスト  ,,,,落札,"      645,000",,,,,,,,,,,,,,
東京エムジー時計,2024-04-10,,3,5,ー,時計,SY,ROLEX,,16233,,E番 箱 保 サ保 修理明細 2コマ デイトジャスト  ,,,,落札,"      618,000",,,,,,,,,,,,,,
東京エムジー時計,2024-04-10,,3,6,ー,時計,SY,ROLEX,,68273,,L番 ケース デイトジャスト  ,,,,落札,"      650,000",,,,,,,,,,,,,,
東京エムジー時計,2024-04-10,,3,7,ー,時計,SY,ROLEX,,16233,,W番 箱 保 デイトジャスト  ,,,,落札,"      820,000",,,,,,,,,,,,,,
東京エムジー時計,2024-04-10,,3,8,ー,時計,SS,ROLEX,,114270,,F番 箱 保 2コマ エクスプローラーⅠ  ,,,,落札,"      676,000",,,,,,,,,,,,,,
東京エムジー時計,2024-04-10,,3,9,ー,時計,SS,ROLEX,,16610,,V番 箱 2コマ サブマリーナー  ,,,,落札,"      995,000",,,,,,,,,,,,,,
東京エムジー時計,2024-04-10,,3,10,ー,時計,SS,ROLEX,,16610,,Z番 箱 保（2011/2） サブマリーナー  ,,,,落札,"      1,080,000",,,,,,,,,,,,,,
東京エムジー時計,2024-04-10,,4,1,ー,時計,SS,ROLEX,,14060,,K番 箱 保 2コマ  ,,,,落札,"      911,000",,,,,,,,,,,,,,
東京エムジー時計,2024-04-10,,4,2,ー,時計,SS,ROLEX,,16610,,V番 箱 保 1コマ  ,,,,落札,"      1,190,000",,,,,,,,,,,,,,
東京エムジー時計,2024-04-10,,4,3,ー,時計,SS,ROLEX,,16610,,W番 サ保(2023/10) 1コマ ケース  ,,,,落札,"      939,000",,,,,,,,,,,,,,
東京エムジー時計,2024-04-10,,4,4,ー,時計,SS,ROLEX,,16610,,V番 箱 保  ,,,,落札,"      1,810,000",,,,,,,,,,,,,,
東京エムジー時計,2024-04-10,,4,5,ー,時計,SS,ROLEX,,16600,,D番 箱  ,,,,落札,"      940,000",,,,,,,,,,,,,,
東京エムジー時計,2024-04-10,,4,6,ー,時計,SS,ROLEX,,16710,,A番 箱 保 サ保 2コマ  ,,,,落札,"      1,470,000",,,,,,,,,,,,,,
東京エムジー時計,2024-04-10,,4,7,ー,時計,SS,ROLEX,,16570,,F番 箱 1コマ  ,,,,落札,"      780,000",,,,,,,,,,,,,,
東京エムジー時計,2024-04-10,,4,8,ー,時計,SW,ROLEX,,116264,,V番 箱 保 1コマ  ,,,,落札,"      865,000",,,,,,,,,,,,,,
東京エムジー時計,2024-04-10,,4,9,ー,時計,SY,ROLEX,,126233,,箱 保（2021/12） 4コマ,,,,落札,"      1,730,000",,,,,,,,,,,,,,
東京エムジー時計,2024-04-10,,5,3,ー,時計,YG,ROLEX,,69178,,箱,,,,落札,"      990,000",,,,,,,,,,,,,,
東京エムジー時計,2024-04-10,,5,4,ー,時計,YG,ROLEX,,18238,,X番 ケース 裏開リューズ不良文字盤見た目  ,,,,落札,"      1,800,000",,,,,,,,,,,,,,
東京エムジー時計,2024-04-10,,5,5,ー,時計,SR,ROLEX,,6311,,M番 箱  ,,,,落札,"      800,000",,,,,,,,,,,,,,
東京エムジー時計,2024-04-10,,5,6,ー,時計,SR,ROLEX,,116681,,Y4番 箱 保 2コマ  ,,,,落札,"      2,650,000",,,,,,,,,,,,,,
東京エムジー時計,2024-04-10,,10,1,ー,時計,SY,ROLEX,,68273,,81番 デイトジャスト　  ,,,,落札,"      748,000",,,,,,,,,,,,,,
東京エムジー時計,2024-04-10,,17,1,ー,時計,SS,ROLEX,,116660,,V番 保・修明・国ｻ保 ﾃﾞｨｰﾌﾟｼｰ  ,,,,落札,"      1,200,000",,,,,,,,,,,,,,
東京エムジー時計,2024-04-10,,17,2,ー,時計,SS,ROLEX,,126660,,保19,,,,      不成立,      不成立,      不成立,,,,,,,,,,,,,,
東京エムジー時計,2024-04-10,,17,3,ー,時計,SS,ROLEX,,116660,,G番 保・国ｻ ﾃﾞｨｰﾌﾟｼｰ  ,,,,落札,"      1,200,000",,,,,,,,  不成立,,,,,,,
東京エムジー時計,2024-04-10,,17,4,ー,時計,SS,ROLEX,,116610,,保17,,,,落札,"      1,490,000",,,,,,,,,,,,,,
東京エムジー時計,2024-04-10,,17,5,ー,時計,SY,ROLEX,,124273,,保21,,,,落札,"      1,320,000",,,,,,,,,,,,,,
東京エムジー時計,2024-04-10,,17,6,ー,時計,SW,ROLEX,,126334,,保21,,,,落札,"      1,520,000",,,,,,,,,,,,,,
東京エムジー時計,2024-04-10,,17,7,ー,時計,SS,ROLEX,,116000,,M番 保 ｵｲｽﾀｰﾊﾟｰﾍﾟﾁｭｱﾙ  ,,,,落札,"      718,000",,,,,,,,,,,,,,
東京エムジー時計,2024-04-10,,17,8,ー,時計,SW,ROLEX,,116334,,保,,,,落札,"      1,210,000",,,,,,,,,,,,,,
東京エムジー時計,2024-04-10,,17,9,ー,時計,SY,ROLEX,,116523,,Y番  ﾃﾞｲﾄﾅ  ,,,,落札,"      1,830,000",,,,,,,,,,,,,,
東京エムジー時計,2024-04-10,,17,10,ー,時計,SW,ROLEX,,116264,,F番 国ｻ保 ﾀｰﾉｸﾞﾗﾌ  ,,,,落札,"      830,000",,,,,,,,,,,,,,
東京エムジー時計,2024-04-10,,18,1,ー,時計,SS,ROLEX,,16710,,W番  GMTﾏｽﾀｰ2 ｽﾊﾟｲﾀﾞｰ  ,,,,落札,"      1,370,000",,,,,,,,,,,,,,
東京エムジー時計,2024-04-10,,18,2,ー,時計,SS,ROLEX,,16700,,保,,,,落札,"      1,520,000",,,,,,,,,,,,,,
東京エムジー時計,2024-04-10,,18,3,ー,時計,SS,ROLEX,,16750,,90番  GMTﾏｽﾀｰ  ,,,,      不成立,      不成立,      不成立,,,,,,,,,,,,,,
東京エムジー時計,2024-04-10,,18,4,ー,時計,,ROLEX,,16622,,M番 保・修明・国ｻ保 ﾖｯﾄﾏｽﾀｰ  ,,,,落札,"      1,170,000",,,,,,,,  不成立,,,,,,,
東京エムジー時計,2024-04-10,,18,5,ー,時計,,ROLEX,,16622,,Y番  ﾖｯﾄﾏｽﾀｰ  ,,,,落札,"      916,000",,,,,,,,,,,,,,
東京エムジー時計,2024-04-10,,18,6,ー,時計,SS,ROLEX,,16600,,U番 保 ｼｰﾄﾞｩｴﾗｰ  ,,,,落札,"      1,040,000",,,,,,,,,,,,,,
東京エムジー時計,2024-04-10,,18,7,ー,時計,SS,ROLEX,,16660,,74番 保・修明4・国ｻ保2 ｼｰﾄﾞｩｴﾗｰ  ,,,,      不成立,      不成立,      不成立,,,,,,,,,,,,,,
東京エムジー時計,2024-04-10,,18,8,ー,時計,SS,ROLEX,,16610,,E番  ｻﾌﾞﾏﾘｰﾅ  ,,,,落札,"      790,000",,,,,,,,  不成立,,,,,,,
東京エムジー時計,2024-04-10,,18,9,ー,時計,SW,ROLEX,,179174,,D番 ・保 ﾃﾞｲﾄｼﾞｬｽﾄ  ,,,,      不成立,      不成立,      不成立,,,,,,,,,,,,,,
東京エムジー時計,2024-04-10,,18,10,ー,時計,SY,ROLEX,,6633,,W番 保 ﾁｪﾘｰﾆ  ,,,,      不成立,      不成立,      不成立,,,,,,,,  不成立,,,,,,,
東京エムジー時計,2024-04-10,,19,1,ー,時計,YG,ROLEX,,18308,,E番 ﾃﾞｲﾃﾞｲﾄ  ,,,,落札,"      1,600,000",,,,,,,,  不成立,,,,,,,
東京エムジー時計,2024-04-10,,19,2,ー,時計,YG,ROLEX,,18038,,56番  ﾃﾞｲﾃﾞｲﾄ  ,,,,      不成立,      不成立,      不成立,,,,,,,,,,,,,,
東京エムジー時計,2024-04-10,,19,3,ー,時計,SY,ROLEX,,16233,,R番  ﾃﾞｲﾄｼﾞｬｽﾄ 現状  ,,,,      不成立,      不成立,      不成立,,,,,,,,  不成立,,,,,,,
東京エムジー時計,2024-04-10,,19,4,ー,時計,SY,ROLEX,,16233,,W番 国ｻ保 ﾃﾞｲﾄｼﾞｬｽﾄ  ,,,,      不成立,      不成立,      不成立,,,,,,,,  不成立,,,,,,,
東京エムジー時計,2024-04-10,,19,5,ー,時計,SY,ROLEX,,16233,,ﾘｭｰｽﾞ,,,,      不成立,      不成立,      不成立,,,,,,,,  不成立,,,,,,,
東京エムジー時計,2024-04-10,,19,6,ー,時計,SY,ROLEX,,16233,,L番  ﾃﾞｲﾄｼﾞｬｽﾄ  ,,,,      不成立,      不成立,      不成立,,,,,,,,  不成立,,,,,,,
東京エムジー時計,2024-04-10,,19,7,ー,時計,SW,ROLEX,,16234,,X番 保 ﾃﾞｲﾄｼﾞｬｽﾄ  ,,,,落札,"      700,000",,,,,,,,  不成立,,,,,,,
東京エムジー時計,2024-04-10,,19,8,ー,時計,SR,ROLEX,,1601,,15番  ﾃﾞｲﾄｼﾞｬｽﾄ  ,,,,落札,"      366,000",,,,,,,,,,,,,,
東京エムジー時計,2024-04-10,,19,9,ー,時計,SY,ROLEX,,16263,,K番  ｻﾝﾀﾞｰﾊﾞｰﾄﾞ  ,,,,落札,"      567,000",,,,,,,,,,,,,,
東京エムジー時計,2024-04-10,,19,10,ー,時計,SS,ROLEX,,16220,,K番 保 ﾃﾞｲﾄｼﾞｬｽﾄ 現状  ,,,,      不成立,      不成立,      不成立,,,,,,,,,,,,,,
東京エムジー時計,2024-04-10,,21,7,ー,時計,,ROLEX,,30042,,40番  ﾁｪﾘｰﾆ ﾘｭｰｽﾞ折れ  ,,,,落札,"      90,000",,,,,,,,  不成立,,,,,,,
東京エムジー時計,2024-04-10,,36,8,ー,時計,SY,ROLEX,,2643,,,,,,落札,"      23,000",,,,,,,,,,,,,,
東京エムジー時計,2024-04-10,,40,1,ー,時計,,ROLEX,,,,,,,,落札,"      10,000",,,,,,,,,,,,,,
東京エムジー時計,2024-04-10,,40,2,ー,時計,,ROLEX,,,,,,,,落札,"      10,000",,,,,,,,,,,,,,
東京エムジー時計,2024-04-10,,40,3,ー,時計,,ROLEX,,,,,,,,落札,"      10,000",,,,,,,,,,,,,,
東京エムジー時計,2024-04-10,,40,4,ー,時計,,ROLEX,,,,,,,,落札,"      11,000",,,,,,,,,,,,,,
東京エムジー時計,2024-04-10,,40,5,ー,時計,,ROLEX,,,,,,,,落札,"      11,000",,,,,,,,,,,,,,
東京エムジー時計,2024-04-10,,41,2,ー,時計,,ROLEX,,,,,,,,落札,"      100,000",,,,,,,,,,,,,,
東京エムジー時計,2024-04-10,,43,1,ー,時計,SY,ROLEX,,16013,,保,,,,落札,"      466,000",,,,,,,,,,,,,,
東京エムジー時計,2024-04-10,,43,2,ー,時計,SY,ROLEX,,16233,,Ｗ番 保  ,,,,      不成立,      不成立,      不成立,,,,,,,,,,,,,,
東京エムジー時計,2024-04-10,,43,3,ー,時計,SY,ROLEX,,16233,,Ｘ番 保  ,,,,      不成立,      不成立,      不成立,,,,,,,,  不成立,,,,,,,
東京エムジー時計,2024-04-10,,45,2,ー,時計,RG,ROLEX,,1675,,17番   ,,,,落札,"      1,260,000",,,,,,,,  不成立,,,,,,,
東京エムジー時計,2024-04-10,,45,3,ー,時計,SY,ROLEX,,16013,,95番   ,,,,落札,"      503,000",,,,,,,,,,,,,,
東京エムジー時計,2024-04-10,,45,4,ー,時計,その他,ROLEX,,6517,,10番   ,,,,落札,"      144,000",,,,,,,,,,,,,,
東京エムジー時計,2024-04-10,,51,1,ー,時計,WG,ROLEX,,4109,,E番 保 ケース(劣化) チェリーニ  ,,,,落札,"      270,000",,,,,,,,,,,,,,
東京エムジー時計,2024-04-10,,51,2,ー,時計,,ROLEX,,5112,,N番 保 ケース(劣化) チェリーニ  ,,,,落札,"      350,000",,,,,,,,,,,,,,
東京エムジー時計,2024-04-10,,51,3,ー,時計,SS,ROLEX,,76080,,A番 箱 保 1コマ オイスターパーペチュアル  ,,,,落札,"      271,000",,,,,,,,,,,,,,
東京エムジー時計,2024-04-10,,51,4,ー,時計,SY,ROLEX,,69173,,W番 保 ケース(枕欠) デイトジャスト  ,,,,落札,"      385,000",,,,,,,,,,,,,,
東京エムジー時計,2024-04-10,,51,5,ー,時計,SY,ROLEX,,69173,,W番 箱 保 デイトジャスト 時刻変更リューズ不良  ,,,,落札,"      385,000",,,,,,,,,,,,,,
東京エムジー時計,2024-04-10,,51,6,ー,時計,SW,ROLEX,,69174,,T番 箱 保 1コマ デイトジャスト  ,,,,落札,"      367,000",,,,,,,,,,,,,,
東京エムジー時計,2024-04-10,,51,7,ー,時計,SS,ROLEX,,15200,,K番 箱 2コマ オイスターパーペチュアルデイト  ,,,,落札,"      438,000",,,,,,,,,,,,,,
東京エムジー時計,2024-04-10,,51,8,ー,時計,SS,ROLEX,,14010,,P番 1コマ ケース エアキング  ,,,,落札,"      425,000",,,,,,,,,,,,,,
東京エムジー時計,2024-04-10,,51,9,ー,時計,SS,ROLEX,,14000,,U番 箱 保 エアキング  ,,,,落札,"      516,000",,,,,,,,,,,,,,
東京エムジー時計,2024-04-10,,51,10,ー,時計,SS,ROLEX,,16610,,U番 箱 保 2コマ サブマリーナー  ,,,,落札,"      1,070,000",,,,,,,,,,,,,,
東京エムジー時計,2024-04-10,,52,10,ー,時計,SY,ROLEX,,16233,,L番 箱（ケース欠） 保 サ保 修理明細 3コマ デイトジャスト 巻上若干重  ,,,,落札,"      583,000",,,,,,,,,,,,,,
東京エムジー時計,2024-04-10,,55,9,ー,時計,,ROLEX,,,,ケース 替えベルト×5,,,,落札,"      295,000",,,,,,,,,,,,,,
東京エムジー時計,2024-04-10,,56,1,ー,時計,SW,ROLEX,,79174,,P番 　ローター異音動いたり止まったり  ,,,,落札,"      245,000",,,,,,,,,,,,,,
東京エムジー時計,2024-04-10,,56,2,ー,時計,SW,ROLEX,,179174,,Z番   ,,,,落札,"      654,000",,,,,,,,,,,,,,
東京エムジー時計,2024-04-10,,56,3,ー,時計,SY,ROLEX,,68273,,S番 　カレ遅  ,,,,落札,"      672,000",,,,,,,,,,,,,,
東京エムジー時計,2024-04-10,,56,4,ー,時計,SS,ROLEX,,16030,,87番 　リューズ不良取れ　裏開現状  ,,,,落札,"      260,000",,,,,,,,,,,,,,
東京エムジー時計,2024-04-10,,56,5,ー,時計,SS,ROLEX,,16220,,A番 保  ,,,,落札,"      520,000",,,,,,,,,,,,,,
東京エムジー時計,2024-04-10,,56,6,ー,時計,SS,ROLEX,,16030,,57番   ,,,,落札,"      375,000",,,,,,,,,,,,,,
東京エムジー時計,2024-04-10,,56,7,ー,時計,SY,ROLEX,,16233,,T番   ,,,,落札,"      665,000",,,,,,,,,,,,,,
東京エムジー時計,2024-04-10,,56,8,ー,時計,SY,ROLEX,,16233,,W番   ,,,,落札,"      725,000",,,,,,,,,,,,,,
東京エムジー時計,2024-04-10,,56,9,ー,時計,SY,ROLEX,,16233,,E番 　すぐ止まる  ,,,,落札,"      470,000",,,,,,,,,,,,,,
東京エムジー時計,2024-04-10,,56,10,ー,時計,SY,ROLEX,,16233,,W番   ,,,,落札,"      731,000",,,,,,,,,,,,,,
東京エムジー時計,2024-04-10,,57,1,ー,時計,SR,ROLEX,,1601,,27番  デイトジャスト　 社外ベルト   ,,,,落札,"      363,000",,,,,,,,,,,,,,
東京エムジー時計,2024-04-10,,57,2,ー,時計,YG,ROLEX,,6548,,3番  オイスターパーペチュアル 社外ベルト尾錠純正   ,,,,落札,"      280,000",,,,,,,,,,,,,,
東京エムジー時計,2024-04-10,,57,3,ー,時計,WG,ROLEX,,4089,,37番  チェリーニ    ,,,,落札,"      420,000",,,,,,,,,,,,,,
東京エムジー時計,2024-04-10,,57,4,ー,時計,WG,ROLEX,,5109,,94番  チェリーニ 社外ベルト尾錠純正   ,,,,落札,"      243,000",,,,,,,,,,,,,,
東京エムジー時計,2024-04-10,,57,5,ー,時計,,ROLEX,,,,,,,,落札,"      215,000",,,,,,,,,,,,,,
東京エムジー時計,2024-04-10,,57,6,ー,時計,,ROLEX,,,,14番  カメレオン 社外ベルト   ,,,,落札,"      235,000",,,,,,,,,,,,,,
東京エムジー時計,2024-04-10,,57,7,ー,時計,SR,ROLEX,,2611,,31番  プレンジョン　見た目    ,,,,落札,"      92,000",,,,,,,,,,,,,,
東京エムジー時計,2024-04-10,,57,8,ー,時計,SR,ROLEX,,2611,,41番 保 プレシジョン 社外ブレス巻上不可   ,,,,落札,"      51,000",,,,,,,,,,,,,,
東京エムジー時計,2024-04-10,,57,9,ー,時計,SW,ROLEX,,6284,,9番  オイスターパーペチュアル 不動裏開   ,,,,落札,"      120,000",,,,,,,,,,,,,,
東京エムジー時計,2024-04-10,,57,10,ー,時計,SS,ROLEX,,2280,,,,,,落札,"      130,000",,,,,,,,,,,,,,
東京エムジー時計,2024-04-10,,58,1,ー,時計,SS,ROLEX,,16030,,87番   ,,,,落札,"      430,000",,,,,,,,,,,,,,
東京エムジー時計,2024-04-10,,58,2,ー,時計,SS,ROLEX,,16030,,85番   ,,,,落札,"      430,000",,,,,,,,,,,,,,
東京エムジー時計,2024-04-10,,58,3,ー,時計,SY,ROLEX,,69173,,S番  不動裏開  ,,,,落札,"      367,000",,,,,,,,,,,,,,
東京エムジー時計,2024-04-10,,58,4,ー,時計,SY,ROLEX,,68273,,N番  カレ早  ,,,,落札,"      621,000",,,,,,,,,,,,,,
東京エムジー時計,2024-04-10,,58,5,ー,時計,SW,ROLEX,,69174,,T番 保  ,,,,落札,"      393,000",,,,,,,,,,,,,,
東京エムジー時計,2024-04-10,,58,6,ー,時計,SS,ROLEX,,14000,,U番 2コマ 秒針震える  ,,,,落札,"      305,000",,,,,,,,,,,,,,
東京エムジー時計,2024-04-10,,58,7,ー,時計,SY,ROLEX,,16233,,S番   ,,,,落札,"      680,000",,,,,,,,,,,,,,
東京エムジー時計,2024-04-10,,60,1,ー,時計,SY,ROLEX,,1603,,25番  デイトジャスト ローター異音不動   ,,,,落札,"      350,000",,,,,,,,,,,,,,
東京エムジー時計,2024-04-10,,60,2,ー,時計,SR,ROLEX,,1601,,17番  デイトジャスト ベゼル欠品   ,,,,落札,"      316,000",,,,,,,,,,,,,,
東京エムジー時計,2024-04-10,,60,3,ー,時計,SR,ROLEX,,1601,,25番  デイトジャスト 時刻合わせ時歯車かみ合わせ悪いシリアル削れ   ,,,,落札,"      340,000",,,,,,,,,,,,,,
東京エムジー時計,2024-04-10,,60,4,ー,時計,SR,ROLEX,,1601,,39番  デイトジャスト リューズ欠   ,,,,落札,"      225,000",,,,,,,,,,,,,,
東京エムジー時計,2024-04-10,,60,5,ー,時計,YG,ROLEX,,6618,,30番  オイスターパーペチュアル    ,,,,落札,"      150,000",,,,,,,,,,,,,,
東京エムジー時計,2024-04-10,,60,6,ー,時計,その他,ROLEX,,6517,,,,,,落札,"      112,000",,,,,,,,,,,,,,
東京エムジー時計,2024-04-10,,60,7,ー,時計,その他,ROLEX,,6917,,30番  オイスターパーペチュアル デイト    ,,,,落札,"      203,000",,,,,,,,,,,,,,
東京エムジー時計,2024-04-10,,60,8,ー,時計,,ROLEX,,,,針,,,,落札,"      1,500",,,,,,,,,,,,,,
東京エムジー時計,2024-04-10,,60,9,ー,時計,,ROLEX,,,,,,,,落札,"      22,000",,,,,,,,,,,,,,
東京エムジー時計,2024-04-10,,60,10,ー,時計,,ROLEX,,,,,,,,落札,"      45,000",,,,,,,,,,,,,,
東京エムジー時計,2024-04-10,,102,1,ー,時計,SR,ROLEX,,126331,,保(2024/3) 3コマ,,,,落札,"      2,230,000",,,,,,,,,,,,,,
東京エムジー時計,2024-04-10,,104,1,ー,時計,WG,ROLEX,,116519,,保,,,,落札,"      5,100,000",,,,,,,,,,,,,,
東京エムジー時計,2024-04-10,,104,2,ー,時計,SS,ROLEX,,126610,,ランダム番 保  ,,,,落札,"      1,800,000",,,,,,,,,,,,,,
東京エムジー時計,2024-04-10,,104,3,ー,時計,SW,ROLEX,,278274,,ランダム番 保  ,,,,落札,"      1,450,000",,,,,,,,,,,,,,
東京エムジー時計,2024-04-10,,104,4,ー,時計,SW,ROLEX,,116234,,V番 保 ｺﾏ  ,,,,落札,"      900,000",,,,,,,,,,,,,,
東京エムジー時計,2024-04-10,,104,5,ー,時計,SY,ROLEX,,16233,,T番 保 国ｻ保  ,,,,落札,"      697,000",,,,,,,,,,,,,,
東京エムジー時計,2024-04-10,,104,6,ー,時計,SY,ROLEX,,16233,,X番   ,,,,落札,"      644,000",,,,,,,,,,,,,,
東京エムジー時計,2024-04-10,,104,7,ー,時計,SW,ROLEX,,16234,,X番   ,,,,落札,"      660,000",,,,,,,,,,,,,,
東京エムジー時計,2024-04-10,,104,8,ー,時計,SS,ROLEX,,176200,,Z番 保 ｺﾏ  ,,,,落札,"      415,000",,,,,,,,,,,,,,
東京エムジー時計,2024-04-10,,105,1,ー,時計,SS,ROLEX,,116500,,ランダム番 保  ,,,,落札,"      3,770,000",,,,,,,,,,,,,,
東京エムジー時計,2024-04-10,,105,2,ー,時計,SS,ROLEX,,126610,,ランダム番 保  ,,,,落札,"      1,710,000",,,,,,,,,,,,,,
東京エムジー時計,2024-04-10,,105,3,ー,時計,YG,ROLEX,,68278,,N番 保 ｺﾏ  ,,,,落札,"      1,500,000",,,,,,,,,,,,,,
東京エムジー時計,2024-04-10,,105,4,ー,時計,SS,ROLEX,,14270,,A番 保  ,,,,落札,"      637,000",,,,,,,,,,,,,,
東京エムジー時計,2024-04-10,,105,5,ー,時計,SY,ROLEX,,16233,,E番 保 ｺﾏ2  ,,,,落札,"      660,000",,,,,,,,,,,,,,
東京エムジー時計,2024-04-10,,105,6,ー,時計,SY,ROLEX,,16233,,L番   ,,,,落札,"      740,000",,,,,,,,,,,,,,
東京エムジー時計,2024-04-10,,105,7,ー,時計,SW,ROLEX,,16264,,L番   ,,,,落札,"      620,000",,,,,,,,,,,,,,
東京エムジー時計,2024-04-10,,105,8,ー,時計,SR,ROLEX,,1601,,2番   ,,,,落札,"      399,000",,,,,,,,,,,,,,
東京エムジー時計,2024-04-10,,108,9,ー,時計,SR,ROLEX,,4081,,4番   ,,,,落札,"      222,000",,,,,,,,,,,,,,
東京エムジー時計,2024-04-10,,118,5,ー,時計,SW,ROLEX,,79174,,Y番 箱 保  ,,,,      不成立,      不成立,      不成立,,,,,,,,,,,,,,
東京エムジー時計,2024-04-10,,119,1,ー,時計,SS,ROLEX,,15200,,P番   ,,,,落札,"      407,000",,,,,,,,  不成立,,,,,,,
東京エムジー時計,2024-04-10,,119,2,ー,時計,SY,ROLEX,,16233,,T番   ,,,,落札,"      609,000",,,,,,,,,,,,,,
東京エムジー時計,2024-04-10,,119,3,ー,時計,,ROLEX,,,,20番 　デイトジャスト  ,,,,落札,"      363,000",,,,,,,,,,,,,,
東京エムジー時計,2024-04-10,,119,4,ー,時計,PT,ROLEX,,6916,,34番   ,,,,落札,"      206,000",,,,,,,,,,,,,,
東京エムジー時計,2024-04-10,,139,2,ー,時計,SS,ROLEX,,16200,,社外ケース,,,,落札,"      650,000",,,,,,,,,,,,,,
東京エムジー時計,2024-04-10,,139,3,ー,時計,SY,ROLEX,,69173,,箱 保 3コマ,,,,落札,"      407,000",,,,,,,,,,,,,,
東京エムジー時計,2024-04-10,,139,8,ー,時計,SS,ROLEX,,14060,,P番 箱 保 錨チャーム  ,,,,落札,"      1,030,000",,,,,,,,,,,,,,
東京エムジー時計,2024-04-10,,142,2,ー,時計,SW,ROLEX,,116234,,D番 保  ,,,,落札,"      915,000",,,,,,,,,,,,,,
東京エムジー時計,2024-04-10,,142,3,ー,時計,SR,ROLEX,,1601,,16番   ,,,,落札,"      342,000",,,,,,,,,,,,,,
東京エムジー時計,2024-04-10,,142,5,ー,時計,SS,ROLEX,,116610,,保(2017年),,,,落札,"      1,470,000",,,,,,,,,,,,,,
東京エムジー時計,2024-04-10,,142,6,ー,時計,SS,ROLEX,,116610,,保(2011年),,,,落札,"      1,400,000",,,,,,,,,,,,,,
東京エムジー時計,2024-04-10,,142,7,ー,時計,SS,ROLEX,,116520,,G番 保(2013年)  ,,,,落札,"      2,730,000",,,,,,,,,,,,,,
東京エムジー時計,2024-04-10,,143,1,ー,時計,WG,ROLEX,,116509,,Ｄ番 保（08年）　  ,,,,落札,"      4,070,000",,,,,,,,,,,,,,
東京エムジー時計,2024-04-10,,143,2,ー,時計,,ROLEX,,116622,,ランダム番   ,,,,落札,"      1,340,000",,,,,,,,,,,,,,
東京エムジー時計,2024-04-10,,143,3,ー,時計,SY,ROLEX,,16013,,88番   ,,,,落札,"      540,000",,,,,,,,,,,,,,
東京エムジー時計,2024-04-10,,143,4,ー,時計,SY,ROLEX,,69173,,E番 保　カレンダー粘り  ,,,,落札,"      378,000",,,,,,,,,,,,,,
東京エムジー時計,2024-04-10,,143,7,ー,時計,SS,ROLEX,,16570,,W番 　オールトリチウム  ,,,,落札,"      747,000",,,,,,,,,,,,,,
東京エムジー時計,2024-04-10,,143,8,ー,時計,SS,ROLEX,,16610,,W番 　オールトリチウム　文字盤劣化  ,,,,落札,"      784,000",,,,,,,,,,,,,,
東京エムジー時計,2024-04-10,,149,1,ー,時計,SR,ROLEX,,116231,,Z番   ,,,,落札,"      955,000",,,,,,,,,,,,,,
東京エムジー時計,2024-04-10,,152,1,ー,時計,SY,ROLEX,,69173,,X番   ,,,,      不成立,      不成立,      不成立,,,,,,,,,,,,,,
東京エムジー時計,2024-04-10,,156,1,ー,時計,,ROLEX,,,,,,,,      不成立,      不成立,      不成立,,,,,,,,  不成立,,,,,,,
東京エムジー時計,2024-04-10,,157,1,ー,時計,,ROLEX,,6422,,3番   ,,,,      不成立,      不成立,      不成立,,,,,,,,  不成立,,,,,,,
東京エムジー時計,2024-04-10,,157,2,ー,時計,SR,ROLEX,,1501,,2番   ,,,,落札,"      264,000",,,,,,,,  不成立,,,,,,,
東京エムジー時計,2024-04-10,,157,3,ー,時計,SY,ROLEX,,69173,,S番 保  ,,,,落札,"      402,000",,,,,,,,,,,,,,
東京エムジー時計,2024-04-10,,157,4,ー,時計,SY,ROLEX,,68273,,S番 保  ,,,,      不成立,      不成立,      不成立,,,,,,,,,,,,,,
東京エムジー時計,2024-04-10,,157,5,ー,時計,SY,ROLEX,,68273,,S番 保  ,,,,      不成立,      不成立,      不成立,,,,,,,,  不成立,,,,,,,
東京エムジー時計,2024-04-10,,166,1,ー,時計,SS,ROLEX,,16610,,保 コマ 国サ保,,,,落札,"      975,000",,,,,,,,  不成立,,,,,,,
東京エムジー時計,2024-04-10,,169,1,ー,時計,SR,ROLEX,,1601,,,,,,      不成立,      不成立,      不成立,,,,,,,,,,,,,,
東京エムジー時計,2024-04-10,,170,1,ー,時計,SY,ROLEX,,78273,,箱・コマ・保・品質保・説明書,,,,落札,"      635,000",,,,,,,,  不成立,,,,,,,
東京エムジー時計,2024-04-10,,171,2,ー,時計,SY,ROLEX,,16013,,,,,,落札,"      423,000",,,,,,,,,,,,,,
東京エムジー時計,2024-04-10,,171,4,ー,時計,SW,ROLEX,,116234,,,,,,落札,"      865,000",,,,,,,,,,,,,,
東京エムジー時計,2024-04-10,,176,2,ー,時計,SY,ROLEX,,16233,,Ｓ番 国サ保（2019）  ,,,,落札,"      610,000",,,,,,,,,,,,,,
東京エムジー時計,2024-04-10,,176,4,ー,時計,SY,ROLEX,,79173,,K番 箱（外箱一部破れ） コマ  ,,,,落札,"      460,000",,,,,,,,,,,,,,
東京エムジー時計,2024-04-10,,176,5,ー,時計,SS,ROLEX,,16710,,A番 箱 説 保  ,,,,落札,"      1,490,000",,,,,,,,,,,,,,
東京エムジー時計,2024-04-10,,176,6,ー,時計,SS,ROLEX,,14270,,A番 保 国サ保（2016）  ,,,,落札,"      665,000",,,,,,,,,,,,,,
東京エムジー時計,2024-04-10,,192,1,ー,時計,SY,ROLEX,,116233,,コマ2,,,,落札,"      1,160,000",,,,,,,,,,,,,,
東京エムジー時計,2024-04-10,,235,1,ー,時計,SW,ROLEX,,6694,,1番   ,,,,      不成立,      不成立,      不成立,,,,,,,,,,,,,,
東京エムジー時計,2024-04-10,,235,2,ー,時計,SW,ROLEX,,6694,,,,,,      不成立,      不成立,      不成立,,,,,,,,  不成立,,,,,,,
東京エムジー時計,2024-04-10,,235,3,ー,時計,SW,ROLEX,,6694,,2番   ,,,,      不成立,      不成立,      不成立,,,,,,,,  不成立,,,,,,,
東京エムジー時計,2024-04-10,,235,4,ー,時計,SS,ROLEX,,1600,,4番   ,,,,落札,"      378,000",,,,,,,,  不成立,,,,,,,
東京エムジー時計,2024-04-10,,236,1,ー,時計,SS,ROLEX,,126610,,箱 保,,,,落札,"      1,740,000",,,,,,,,,,,,,,
東京エムジー時計,2024-04-10,,236,2,ー,時計,SS,ROLEX,,126610,,箱 保 コマ2,,,,落札,"      1,760,000",,,,,,,,,,,,,,
東京エムジー時計,2024-04-10,,236,3,ー,時計,SS,ROLEX,,126610,,箱 保 コマ2,,,,落札,"      1,760,000",,,,,,,,,,,,,,
東京エムジー時計,2024-04-10,,236,4,ー,時計,SS,ROLEX,,116400,,箱 保,,,,落札,"      1,460,000",,,,,,,,,,,,,,
東京エムジー時計,2024-04-10,,236,5,ー,時計,SS,ROLEX,,116400,,Ｖ番 箱 保 コマ1  ,,,,落札,"      1,020,000",,,,,,,,,,,,,,
東京エムジー時計,2024-04-10,,236,6,ー,時計,SS,ROLEX,,116400,,箱 保,,,,落札,"      1,410,000",,,,,,,,,,,,,,
東京エムジー時計,2024-04-10,,236,7,ー,時計,WG,ROLEX,,68279,,95番   ,,,,落札,"      925,000",,,,,,,,,,,,,,
東京エムジー時計,2024-04-10,,237,1,ー,時計,,ROLEX,,,,,,,,落札,"      74,000",,,,,,,,,,,,,,
東京エムジー時計,2024-04-10,,237,2,ー,時計,,ROLEX,,,,,,,,落札,"      16,000",,,,,,,,,,,,,,
東京エムジー時計,2024-04-10,,238,1,ー,時計,SS,ROLEX,,116660,,箱・コマ・保,,,,落札,"      1,630,000",,,,,,,,,,,,,,
東京エムジー時計,2024-04-10,,238,2,ー,時計,SW,ROLEX,,69174,,Ｒ番 箱  ,,,,落札,"      360,000",,,,,,,,,,,,,,
東京エムジー時計,2024-04-10,,238,3,ー,時計,SY,ROLEX,,16233,,X番 箱・コマ  ,,,,落札,"      800,000",,,,,,,,,,,,,,
東京エムジー時計,2024-04-10,,238,4,ー,時計,,ROLEX,,169622,,P番 箱・コマ・保  ,,,,落札,"      625,000",,,,,,,,,,,,,,
東京エムジー時計,2024-04-10,,239,6,ー,時計,SR,ROLEX,,1601,,5番     ,,,,落札,"      560,000",,,,,,,,,,,,,,
東京エムジー時計,2024-04-10,,239,7,ー,時計,SY,ROLEX,,16233,,Ｘ番 コマ 旧D   ,,,,落札,"      800,000",,,,,,,,,,,,,,
東京エムジー時計,2024-04-10,,239,8,ー,時計,PT,ROLEX,,6916,,6番     ,,,,落札,"      213,000",,,,,,,,,,,,,,
東京エムジー時計,2024-04-10,,239,9,ー,時計,SS,ROLEX,,67480,,U番     ,,,,落札,"      360,000",,,,,,,,,,,,,,
東京エムジー時計,2024-04-10,,243,1,ー,時計,SS,ROLEX,,116610,,保 コマ,,,,落札,"      1,440,000",,,,,,,,,,,,,,
東京エムジー時計,2024-04-10,,243,2,ー,時計,SS,ROLEX,,16710,,保,,,,落札,"      1,380,000",,,,,,,,,,,,,,
東京エムジー時計,2024-04-10,,243,3,ー,時計,SS,ROLEX,,216570,,保,,,,      不成立,      不成立,      不成立,,,,,,,,,,,,,,
東京エムジー時計,2024-04-10,,244,1,ー,時計,,ROLEX,,116622,,箱 保 コマ,,,,落札,"      1,700,000",,,,,,,,  不成立,,,,,,,
東京エムジー時計,2024-04-10,,244,2,ー,時計,SS,ROLEX,,224270,,箱 保,,,,落札,"      1,150,000",,,,,,,,,,,,,,
東京エムジー時計,2024-04-10,,244,3,ー,時計,SS,ROLEX,,16570,,A番 ｹｰｽ  ,,,,      不成立,      不成立,      不成立,,,,,,,,,,,,,,
東京エムジー時計,2024-04-10,,244,4,ー,時計,SS,ROLEX,,116610,,保,,,,落札,"      1,440,000",,,,,,,,  不成立,,,,,,,
東京エムジー時計,2024-04-10,,244,5,ー,時計,SS,ROLEX,,16610,,Ｆ番   ,,,,      不成立,      不成立,      不成立,,,,,,,,,,,,,,
東京エムジー時計,2024-04-10,,244,6,ー,時計,SY,ROLEX,,16613,,Ｓ番 保  ,,,,      不成立,      不成立,      不成立,,,,,,,,  不成立,,,,,,,
東京エムジー時計,2024-04-10,,244,10,ー,時計,SS,ROLEX,,67230,,保 コマ,,,,落札,"      262,000",,,,,,,,  不成立,,,,,,,
東京エムジー時計,2024-04-10,,245,1,ー,時計,SW,ROLEX,,16234,,Ｒ番   ,,,,落札,"      581,000",,,,,,,,,,,,,,
東京エムジー時計,2024-04-10,,245,2,ー,時計,SS,ROLEX,,76080,,A番   ,,,,落札,"      239,000",,,,,,,,,,,,,,
東京エムジー時計,2024-04-10,,248,1,ー,時計,SS,ROLEX,,224270,,箱 保,,,,落札,"      1,140,000",,,,,,,,,,,,,,
東京エムジー時計,2024-04-10,,248,2,ー,時計,SY,ROLEX,,16613,,Ｘ番 保  ,,,,      不成立,      不成立,      不成立,,,,,,,,,,,,,,
東京エムジー時計,2024-04-10,,248,3,ー,時計,SY,ROLEX,,16613,,Ｌ番 ソフトケース  ,,,,      不成立,      不成立,      不成立,,,,,,,,  不成立,,,,,,,
東京エムジー時計,2024-04-10,,248,6,ー,時計,YG,ROLEX,,69178,,90番   ,,,,      不成立,      不成立,      不成立,,,,,,,,  不成立,,,,,,,
東京エムジー時計,2024-04-10,,250,1,ー,時計,SR,ROLEX,,116681,,保,,,,落札,"      2,670,000",,,,,,,,  不成立,,,,,,,
東京エムジー時計,2024-04-10,,250,2,ー,時計,SW,ROLEX,,116334,,保 コマ,,,,落札,"      1,230,000",,,,,,,,,,,,,,
東京エムジー時計,2024-04-10,,250,9,ー,時計,SS,ROLEX,,116610,,保 コマ,,,,落札,"      1,440,000",,,,,,,,,,,,,,
東京エムジー時計,2024-04-10,,267,1,ー,時計,SS,ROLEX,,116500,,ランダム番 箱 保　開封厳禁　新品　未開封　サイドシール、ブレス、バックルシール付  ,,,,落札,"      4,210,000",,,,,,,,,,,,,,
東京エムジー時計,2024-04-10,,267,2,ー,時計,SS,ROLEX,,116500,,ランダム番 箱 保　開封厳禁　新品　未開封　サイドシール、バックル、ブレスシール付  ,,,,落札,"      3,700,000",,,,,,,,,,,,,,
東京エムジー時計,2024-04-10,,268,1,ー,時計,SR,ROLEX,,1601,,52番 純正尾錠　消えかけ  ,,,,落札,"      535,000",,,,,,,,,,,,,,
東京エムジー時計,2024-04-10,,268,2,ー,時計,,ROLEX,,,,,,,,落札,"      28,000",,,,,,,,,,,,,,
東京エムジー時計,2024-04-10,,268,3,ー,時計,,ROLEX,,,,,,,,落札,"      26,000",,,,,,,,,,,,,,
東京エムジー時計,2024-04-10,,268,10,ー,時計,,ROLEX,,,,,,,,落札,"      31,000",,,,,,,,,,,,,,
東京エムジー時計,2024-04-29,,1,1,ー,時計,RG,ROLEX,,116505,,ランダム番 保18 ﾃﾞｲﾄﾅ  ,,,,落札,"      5,700,000",,,,,,,,,,,,,,
東京エムジー時計,2024-04-29,,1,2,ー,時計,WG,ROLEX,,326139,,ランダム番 保18 ｽｶｲﾄﾞｩｴﾗｰ  ,,,,落札,"      3,380,000",,,,,,,,,,,,,,
東京エムジー時計,2024-04-29,,2,1,ー,時計,YG,ROLEX,,116618,,ランダム番 保20 ｻﾌﾞﾏﾘｰﾅ  ,,,,      不成立,      不成立,      不成立,,,,,,,,,,,,,,
東京エムジー時計,2024-04-29,,2,2,ー,時計,SS,ROLEX,,116610,,ランダム番 保18 ｻﾌﾞﾏﾘｰﾅ  ,,,,落札,"      1,530,000",,,,,,,,  不成立,,,,,,,
東京エムジー時計,2024-04-29,,2,3,ー,時計,SY,ROLEX,,116613,,ランダム番 保17 ｻﾌﾞﾏﾘｰﾅ  ,,,,落札,"      1,850,000",,,,,,,,,,,,,,
東京エムジー時計,2024-04-29,,2,4,ー,時計,SS,ROLEX,,116610,,ランダム番 保18 ｻﾌﾞﾏﾘｰﾅ  ,,,,落札,"      1,510,000",,,,,,,,,,,,,,
東京エムジー時計,2024-04-29,,2,5,ー,時計,SS,ROLEX,,116660,,ランダム番 保16 ﾃﾞｨｰﾌﾟｼｰ  ,,,,落札,"      1,650,000",,,,,,,,,,,,,,
東京エムジー時計,2024-04-29,,2,6,ー,時計,SS,ROLEX,,126600,,ランダム番 保17 ｴｸｽﾃﾝｼｮﾝﾊﾟｰﾂ ｼｰﾄﾞｩｴﾗｰ　MK1ﾀﾞｲﾔﾙ  ,,,,落札,"      1,620,000",,,,,,,,,,,,,,
東京エムジー時計,2024-04-29,,2,7,ー,時計,SY,ROLEX,,116713,,ランダム番 保 GMTﾏｽﾀｰ2  ,,,,      不成立,      不成立,      不成立,,,,,,,,,,,,,,
東京エムジー時計,2024-04-29,,2,8,ー,時計,SS,ROLEX,,116710,,V番  GMTﾏｽﾀｰ2　ｽﾃｨｯｸﾀﾞｲﾔﾙ  ,,,,      不成立,      不成立,      不成立,,,,,,,,  不成立,,,,,,,
東京エムジー時計,2024-04-29,,2,9,ー,時計,SS,ROLEX,,124200,,ランダム番 保22 ｵｲｽﾀｰﾊﾟｰﾍﾟﾁｭｱﾙ  ,,,,落札,"      732,000",,,,,,,,  不成立,,,,,,,
東京エムジー時計,2024-04-29,,2,10,ー,時計,SS,ROLEX,,124200,,ランダム番 保22 ｵｲｽﾀｰﾊﾟｰﾍﾟﾁｭｱﾙ  ,,,,落札,"      720,000",,,,,,,,,,,,,,
東京エムジー時計,2024-04-29,,5,1,ー,時計,SS,ROLEX,,116520,,F番 保 ﾃﾞｲﾄﾅ  ,,,,落札,"      2,690,000",,,,,,,,,,,,,,
東京エムジー時計,2024-04-29,,5,2,ー,時計,SS,ROLEX,,116520,,F番 保 ﾃﾞｲﾄﾅ  ,,,,落札,"      2,700,000",,,,,,,,,,,,,,
東京エムジー時計,2024-04-29,,5,3,ー,時計,SY,ROLEX,,16613,,E番 保 ｻﾌﾞﾏﾘｰﾅ  ,,,,落札,"      1,300,000",,,,,,,,,,,,,,
東京エムジー時計,2024-04-29,,5,4,ー,時計,SS,ROLEX,,16610,,Z番 保 ｻﾌﾞﾏﾘｰﾅ  ,,,,落札,"      1,210,000",,,,,,,,,,,,,,
東京エムジー時計,2024-04-29,,5,5,ー,時計,SS,ROLEX,,16600,,W番 保 ｼｰﾄﾞｩｴﾗｰ  ,,,,落札,"      1,000,000",,,,,,,,,,,,,,
東京エムジー時計,2024-04-29,,5,6,ー,時計,SS,ROLEX,,16550,,84番  ｴｸｽﾌﾟﾛｰﾗｰ2  ,,,,落札,"      750,000",,,,,,,,,,,,,,
東京エムジー時計,2024-04-29,,5,7,ー,時計,SW,ROLEX,,116234,,D番  ﾃﾞｲﾄｼﾞｬｽﾄ  ,,,,落札,"      950,000",,,,,,,,,,,,,,
東京エムジー時計,2024-04-29,,5,8,ー,時計,SY,ROLEX,,16203,,U番 保 ﾃﾞｲﾄｼﾞｬｽﾄ  ,,,,落札,"      660,000",,,,,,,,,,,,,,
東京エムジー時計,2024-04-29,,5,9,ー,時計,SY,ROLEX,,16233,,W番  ﾃﾞｲﾄｼﾞｬｽﾄ  ,,,,落札,"      720,000",,,,,,,,,,,,,,
東京エムジー時計,2024-04-29,,5,10,ー,時計,SS,ROLEX,,15200,,Y番  ﾃﾞｲﾄ  ,,,,落札,"      420,000",,,,,,,,,,,,,,
東京エムジー時計,2024-04-29,,6,1,ー,時計,RG,ROLEX,,128345,,箱 保 コマ3,,,,落札,"      6,120,000",,,,,,,,,,,,,,
東京エムジー時計,2024-04-29,,7,8,ー,時計,SW,ROLEX,,116234,,D番 保  ,,,,落札,"      1,100,000",,,,,,,,,,,,,,
東京エムジー時計,2024-04-29,,7,9,ー,時計,SR,ROLEX,,116681,,ランダム番 保  ,,,,落札,"      2,830,000",,,,,,,,,,,,,,
東京エムジー時計,2024-04-29,,7,10,ー,時計,SS,ROLEX,,126500,,ランダム番 保 コマ  ,,,,落札,"      4,120,000",,,,,,,,,,,,,,
東京エムジー時計,2024-04-29,,8,1,ー,時計,SS,ROLEX,,114300,,７番 保　  ,,,,落札,"      900,000",,,,,,,,,,,,,,
東京エムジー時計,2024-04-29,,8,2,ー,時計,RG,ROLEX,,1675,,,,,,落札,"      5,000,000",,,,,,,,,,,,,,
東京エムジー時計,2024-04-29,,9,8,ー,時計,,ROLEX,,,,,,,,落札,"      127,000",,,,,,,,,,,,,,
東京エムジー時計,2024-04-29,,11,2,ー,時計,,ROLEX,,16622,,Y番 箱 保  ,,,,落札,"      1,170,000",,,,,,,,,,,,,,
東京エムジー時計,2024-04-29,,12,1,ー,時計,SY,ROLEX,,69173,,,,,,      不成立,      不成立,      不成立,,,,,,,,,,,,,,
東京エムジー時計,2024-04-29,,12,2,ー,時計,SW,ROLEX,,16234,,ケース 保 コマ,,,,落札,"      770,000",,,,,,,,  不成立,,,,,,,
東京エムジー時計,2024-04-29,,12,3,ー,時計,,ROLEX,,16622,,F番 箱 保 冊子  ,,,,      不成立,      不成立,      不成立,,,,,,,,,,,,,,
東京エムジー時計,2024-04-29,,12,4,ー,時計,SS,ROLEX,,14000,,箱 保 コマ,,,,      不成立,      不成立,      不成立,,,,,,,,  不成立,,,,,,,
東京エムジー時計,2024-04-29,,12,5,ー,時計,SY,ROLEX,,69173,,箱,,,,落札,"      470,000",,,,,,,,  不成立,,,,,,,
東京エムジー時計,2024-04-29,,12,6,ー,時計,SY,ROLEX,,68273,,,,,,      不成立,      不成立,      不成立,,,,,,,,,,,,,,
東京エムジー時計,2024-04-29,,12,7,ー,時計,SW,ROLEX,,79174,,Y番 シェル　  ,,,,落札,"      386,000",,,,,,,,  不成立,,,,,,,
東京エムジー時計,2024-04-29,,12,8,ー,時計,SY,ROLEX,,1603,,,,,,落札,"      396,000",,,,,,,,,,,,,,
東京エムジー時計,2024-04-29,,13,6,ー,時計,SR,ROLEX,,1601,,,,,,      不成立,      不成立,      不成立,,,,,,,,,,,,,,
東京エムジー時計,2024-04-29,,13,8,ー,時計,SW,ROLEX,,79174,,サ保 コマ,,,,      不成立,      不成立,      不成立,,,,,,,,  不成立,,,,,,,
東京エムジー時計,2024-04-29,,13,10,ー,時計,SW,ROLEX,,116234,,箱 保 冊子,,,,落札,"      1,410,000",,,,,,,,  不成立,,,,,,,
東京エムジー時計,2024-04-29,,14,8,ー,時計,,ROLEX,,,,,,,,      不成立,      不成立,      不成立,,,,,,,,,,,,,,
東京エムジー時計,2024-04-29,,15,4,ー,時計,,ROLEX,,,,,,,,落札,"      5,500",,,,,,,,  不成立,,,,,,,
東京エムジー時計,2024-04-29,,15,5,ー,時計,,ROLEX,,,,,,,,落札,"      7,000",,,,,,,,,,,,,,
東京エムジー時計,2024-04-29,,15,6,ー,時計,,ROLEX,,,,,,,,落札,"      10,000",,,,,,,,,,,,,,
東京エムジー時計,2024-04-29,,15,7,ー,時計,,ROLEX,,,,,,,,落札,"      10,500",,,,,,,,,,,,,,
東京エムジー時計,2024-04-29,,15,8,ー,時計,,ROLEX,,,,,,,,落札,"      13,000",,,,,,,,,,,,,,
東京エムジー時計,2024-04-29,,15,9,ー,時計,,ROLEX,,,,,,,,落札,"      15,000",,,,,,,,,,,,,,
東京エムジー時計,2024-04-29,,15,10,ー,時計,,ROLEX,,,,,,,,落札,"      22,000",,,,,,,,,,,,,,
東京エムジー時計,2024-04-29,,16,1,ー,時計,SY,ROLEX,,116233,,D番 保 ﾃﾞｲﾄｼﾞｬｽﾄ  ,,,,落札,"      1,200,000",,,,,,,,,,,,,,
東京エムジー時計,2024-04-29,,16,2,ー,時計,SS,ROLEX,,277200,,ランダム番 保21 ｵｲｽﾀｰﾊﾟｰﾍﾟﾁｭｱﾙ  ,,,,落札,"      705,000",,,,,,,,,,,,,,
東京エムジー時計,2024-04-29,,16,3,ー,時計,SS,ROLEX,,176200,,G番 保 ｺﾏ2 ｵｲｽﾀｰﾊﾟｰﾍﾟﾁｭｱﾙ  ,,,,落札,"      419,000",,,,,,,,,,,,,,
東京エムジー時計,2024-04-29,,16,4,ー,時計,SS,ROLEX,,16220,,K番 保 ﾃﾞｲﾄｼﾞｬｽﾄ　現状  ,,,,落札,"      350,000",,,,,,,,,,,,,,
東京エムジー時計,2024-04-29,,16,5,ー,時計,SY,ROLEX,,16233,,L番  ﾃﾞｲﾄｼﾞｬｽﾄ  ,,,,落札,"      525,000",,,,,,,,,,,,,,
東京エムジー時計,2024-04-29,,16,6,ー,時計,SW,ROLEX,,1024,,30番  ｵｲｽﾀｰﾊﾟｰﾍﾟﾁｭｱﾙ  ,,,,落札,"      260,000",,,,,,,,,,,,,,
東京エムジー時計,2024-04-29,,16,7,ー,時計,PT,ROLEX,,45526,,E番  ﾁｪﾘｰﾆ  ,,,,落札,"      790,000",,,,,,,,,,,,,,
東京エムジー時計,2024-04-29,,16,8,ー,時計,SY,ROLEX,,16233,,W番  ﾃﾞｲﾄｼﾞｬｽﾄ  ,,,,落札,"      680,000",,,,,,,,,,,,,,
東京エムジー時計,2024-04-29,,16,9,ー,時計,SY,ROLEX,,16233,,W番  ﾃﾞｲﾄｼﾞｬｽﾄ  ,,,,落札,"      650,000",,,,,,,,,,,,,,
東京エムジー時計,2024-04-29,,16,10,ー,時計,SY,ROLEX,,16233,,W番  ﾃﾞｲﾄｼﾞｬｽﾄ  ,,,,落札,"      610,000",,,,,,,,,,,,,,
東京エムジー時計,2024-04-29,,17,1,ー,時計,YG,ROLEX,,18238,,E番  ﾃﾞｲﾃﾞｲﾄ　天然木ﾀﾞｲﾔﾙ  ,,,,落札,"      3,100,000",,,,,,,,,,,,,,
東京エムジー時計,2024-04-29,,17,2,ー,時計,SS,ROLEX,,16520,,U番 保 ﾃﾞｲﾄﾅ  ,,,,落札,"      3,320,000",,,,,,,,,,,,,,
東京エムジー時計,2024-04-29,,17,3,ー,時計,SS,ROLEX,,16750,,72番  GMTﾏｽﾀｰ  ,,,,      不成立,      不成立,      不成立,,,,,,,,,,,,,,
東京エムジー時計,2024-04-29,,17,4,ー,時計,SS,ROLEX,,16710,,K番 保 GMTﾏｽﾀｰ2  ,,,,落札,"      1,480,000",,,,,,,,  不成立,,,,,,,
東京エムジー時計,2024-04-29,,17,5,ー,時計,SW,ROLEX,,16264,,S番  ｻﾝﾀﾞｰﾊﾞｰﾄﾞ  ,,,,落札,"      500,000",,,,,,,,,,,,,,
東京エムジー時計,2024-04-29,,17,6,ー,時計,SY,ROLEX,,16233,,X番  ﾃﾞｲﾄｼﾞｬｽﾄ　現状  ,,,,落札,"      498,000",,,,,,,,,,,,,,
東京エムジー時計,2024-04-29,,17,7,ー,時計,SY,ROLEX,,16013,,86番  ﾃﾞｲﾄｼﾞｬｽﾄ  ,,,,落札,"      563,000",,,,,,,,,,,,,,
東京エムジー時計,2024-04-29,,17,8,ー,時計,SY,ROLEX,,16233,,W番  ﾃﾞｲﾄｼﾞｬｽﾄ  ,,,,落札,"      605,000",,,,,,,,,,,,,,
東京エムジー時計,2024-04-29,,18,1,ー,時計,SW,ROLEX,,3844,,29番 保 ﾁｪﾘｰﾆ  ,,,,落札,"      522,000",,,,,,,,,,,,,,
東京エムジー時計,2024-04-29,,18,2,ー,時計,,ROLEX,,,,33番  ﾁｪﾘｰﾆ  ,,,,落札,"      590,000",,,,,,,,,,,,,,
東京エムジー時計,2024-04-29,,18,3,ー,時計,,ROLEX,,,,30番  ﾁｪﾘｰﾆ　総42.4g  ,,,,落札,"      150,000",,,,,,,,,,,,,,
東京エムジー時計,2024-04-29,,18,4,ー,時計,SY,ROLEX,,3803,,42番  ﾁｪﾘｰﾆ  ,,,,落札,"      160,000",,,,,,,,,,,,,,
東京エムジー時計,2024-04-29,,18,5,ー,時計,WG,ROLEX,,2649,,23番   ,,,,落札,"      38,000",,,,,,,,,,,,,,
東京エムジー時計,2024-04-29,,23,2,ー,時計,,ROLEX,,4112,,69番 純正尾錠　本体のみ  ,,,,      不成立,      不成立,      不成立,,,,,,,,,,,,,,
東京エムジー時計,2024-04-29,,23,3,ー,時計,SS,ROLEX,,16200,,E番 国サ保  ,,,,落札,"      603,000",,,,,,,,  不成立,,,,,,,
東京エムジー時計,2024-04-29,,23,4,ー,時計,SS,ROLEX,,16570,,L番 国サ保  ,,,,落札,"      824,000",,,,,,,,,,,,,,
東京エムジー時計,2024-04-29,,26,2,ー,時計,SS,ROLEX,,14270,,Ｓ番 国サ保 修明  ,,,,落札,"      535,000",,,,,,,,,,,,,,
東京エムジー時計,2024-04-29,,26,3,ー,時計,SS,ROLEX,,16570,,Ｗ番   ,,,,落札,"      739,000",,,,,,,,,,,,,,
東京エムジー時計,2024-04-29,,26,4,ー,時計,SS,ROLEX,,16570,,Ｎ番 保 国サ保  ,,,,落札,"      820,000",,,,,,,,,,,,,,
東京エムジー時計,2024-04-29,,28,1,ー,時計,SS,ROLEX,,116500,,箱 保（2020年12月）コマ,,,,落札,"      4,120,000",,,,,,,,,,,,,,
東京エムジー時計,2024-04-29,,28,3,ー,時計,SS,ROLEX,,15000,,87番 　※提携業者にてOH・仕上げ済み  ,,,,落札,"      358,000",,,,,,,,,,,,,,
東京エムジー時計,2024-04-29,,31,3,ー,時計,SS,ROLEX,,116520,,D番 保 ﾃﾞｲﾄﾅ  ,,,,落札,"      2,660,000",,,,,,,,,,,,,,
東京エムジー時計,2024-04-29,,31,4,ー,時計,SS,ROLEX,,16700,,L番 保 GMTﾏｽﾀｰ1  ,,,,落札,"      1,550,000",,,,,,,,,,,,,,
東京エムジー時計,2024-04-29,,31,5,ー,時計,SS,ROLEX,,16760,,R番 国ｻ保 GMTﾏｽﾀｰ2  ,,,,      不成立,      不成立,      不成立,,,,,,,,,,,,,,
東京エムジー時計,2024-04-29,,31,6,ー,時計,YG,ROLEX,,18238,,L番  ﾃﾞｲﾃﾞｲﾄ　ﾉﾝﾎﾟﾘｯｼｭ  ,,,,落札,"      2,170,000",,,,,,,,  不成立,,,,,,,
東京エムジー時計,2024-04-29,,31,7,ー,時計,SY,ROLEX,,116233,,F番 保 ﾃﾞｲﾄｼﾞｬｽﾄ  ,,,,落札,"      1,120,000",,,,,,,,,,,,,,
東京エムジー時計,2024-04-29,,31,8,ー,時計,SY,ROLEX,,16233,,T番 保 ﾃﾞｲﾄｼﾞｬｽﾄ  ,,,,落札,"      688,000",,,,,,,,,,,,,,
東京エムジー時計,2024-04-29,,31,9,ー,時計,SY,ROLEX,,16263,,A番 保 ｻﾝﾀﾞｰﾊﾞｰﾄﾞ  ,,,,落札,"      750,000",,,,,,,,,,,,,,
東京エムジー時計,2024-04-29,,31,10,ー,時計,SS,ROLEX,,114270,,K番  ｴｸｽﾌﾟﾛｰﾗｰ1  ,,,,      不成立,      不成立,      不成立,,,,,,,,,,,,,,
東京エムジー時計,2024-04-29,,32,1,ー,時計,SR,ROLEX,,1601,,20番  ﾃﾞｲﾄｼﾞｬｽﾄ  ,,,,落札,"      425,000",,,,,,,,  不成立,,,,,,,
東京エムジー時計,2024-04-29,,32,2,ー,時計,その他,ROLEX,,6567,,4番  ｵｲｽﾀｰﾊﾟｰﾍﾟﾁｭｱﾙ  ,,,,落札,"      510,000",,,,,,,,,,,,,,
東京エムジー時計,2024-04-29,,32,3,ー,時計,WG,ROLEX,,68279,,L番  ﾃﾞｲﾄｼﾞｬｽﾄ  ,,,,落札,"      900,000",,,,,,,,,,,,,,
東京エムジー時計,2024-04-29,,32,4,ー,時計,SY,ROLEX,,67193,,S番  ﾃﾞｲﾄｼﾞｬｽﾄ  ,,,,落札,"      263,000",,,,,,,,,,,,,,
東京エムジー時計,2024-04-29,,32,5,ー,時計,PT,ROLEX,,6426,,28番  ｵｲｽﾀｰ  ,,,,落札,"      190,000",,,,,,,,,,,,,,
東京エムジー時計,2024-04-29,,32,6,ー,時計,SR,ROLEX,,1601,,*1番  ﾃﾞｲﾄｼﾞｬｽﾄ  ,,,,落札,"      305,000",,,,,,,,,,,,,,
東京エムジー時計,2024-04-29,,32,7,ー,時計,SS,ROLEX,,16220,,X番  ﾃﾞｲﾄｼﾞｬｽﾄ  ,,,,落札,"      510,000",,,,,,,,,,,,,,
東京エムジー時計,2024-04-29,,32,8,ー,時計,SY,ROLEX,,67193,,E番  ｵｲｽﾀｰﾊﾟｰﾍﾟﾁｭｱﾙ  ,,,,落札,"      290,000",,,,,,,,,,,,,,
東京エムジー時計,2024-04-29,,36,4,ー,時計,SW,ROLEX,,69174,,X番   ,,,,落札,"      396,000",,,,,,,,,,,,,,
東京エムジー時計,2024-04-29,,36,5,ー,時計,SR,ROLEX,,1501,,35番 保  ,,,,落札,"      303,000",,,,,,,,,,,,,,
東京エムジー時計,2024-04-29,,36,6,ー,時計,その他,ROLEX,,6427,,12番   ,,,,落札,"      228,000",,,,,,,,,,,,,,
東京エムジー時計,2024-04-29,,36,7,ー,時計,SS,ROLEX,,5500,,33番   ,,,,落札,"      205,000",,,,,,,,,,,,,,
東京エムジー時計,2024-04-29,,36,8,ー,時計,PT,ROLEX,,6426,,67番   ,,,,落札,"      195,000",,,,,,,,,,,,,,
東京エムジー時計,2024-04-29,,36,9,ー,時計,SW,ROLEX,,6694,,37番   ,,,,落札,"      180,000",,,,,,,,,,,,,,
東京エムジー時計,2024-04-29,,36,10,ー,時計,SY,ROLEX,,6623,,1番   ,,,,落札,"      100,000",,,,,,,,,,,,,,
東京エムジー時計,2024-04-29,,40,4,ー,時計,RG,ROLEX,,15505,,8番 保  ,,,,落札,"      336,000",,,,,,,,,,,,,,
東京エムジー時計,2024-04-29,,40,5,ー,時計,SY,ROLEX,,69173,,R番   ,,,,落札,"      513,000",,,,,,,,,,,,,,
東京エムジー時計,2024-04-29,,40,6,ー,時計,RG,ROLEX,,1675,,5番   ,,,,落札,"      1,360,000",,,,,,,,,,,,,,
東京エムジー時計,2024-04-29,,44,1,ー,時計,SS,ROLEX,,116660,,ランダム番 保17 修明 国ｻ保 ﾃﾞｨｰﾌﾟｼｰ  ,,,,落札,"      1,700,000",,,,,,,,,,,,,,
東京エムジー時計,2024-04-29,,44,2,ー,時計,SS,ROLEX,,116400,,V番 保 ﾐﾙｶﾞｳｽ  ,,,,落札,"      1,050,000",,,,,,,,,,,,,,
東京エムジー時計,2024-04-29,,44,3,ー,時計,SS,ROLEX,,116000,,ランダム番 保16 ｵｲｽﾀｰﾊﾟｰﾍﾟﾁｭｱﾙ  ,,,,落札,"      720,000",,,,,,,,,,,,,,
東京エムジー時計,2024-04-29,,44,4,ー,時計,SS,ROLEX,,177200,,M番  ｵｲｽﾀｰﾊﾟｰﾍﾟﾁｭｱﾙ  ,,,,落札,"      480,000",,,,,,,,,,,,,,
東京エムジー時計,2024-04-29,,44,5,ー,時計,SW,ROLEX,,116234,,M番  ﾃﾞｲﾄｼﾞｬｽﾄ  ,,,,落札,"      1,050,000",,,,,,,,,,,,,,
東京エムジー時計,2024-04-29,,44,6,ー,時計,SY,ROLEX,,16233,,S番  ﾃﾞｲﾄｼﾞｬｽﾄ  ,,,,落札,"      740,000",,,,,,,,,,,,,,
東京エムジー時計,2024-04-29,,44,7,ー,時計,SY,ROLEX,,16233,,E番  ﾃﾞｲﾄｼﾞｬｽﾄ  ,,,,落札,"      625,000",,,,,,,,,,,,,,
東京エムジー時計,2024-04-29,,45,1,ー,時計,SS,ROLEX,,116400,,ランダム番 保 ﾐﾙｶﾞｳｽ　ｻｲﾄﾞｼｰﾙﾌﾙｽﾃｯｶｰ  ,,,,      不成立,      不成立,      不成立,,,,,,,,,,,,,,
東京エムジー時計,2024-04-29,,46,1,ー,時計,SY,ROLEX,,69173,,C番   ,,,,落札,"      413,000",,,,,,,,  不成立,,,,,,,
東京エムジー時計,2024-04-29,,46,2,ー,時計,SS,ROLEX,,116600,,箱 保（2015）,,,,落札,"      1,710,000",,,,,,,,,,,,,,
東京エムジー時計,2024-04-29,,47,5,ー,時計,SW,ROLEX,,116234,,D番   ,,,,落札,"      1,220,000",,,,,,,,,,,,,,
東京エムジー時計,2024-04-29,,50,2,ー,時計,SY,ROLEX,,69173,,X番   ,,,,落札,"      450,000",,,,,,,,,,,,,,
東京エムジー時計,2024-04-29,,50,10,ー,時計,SR,ROLEX,,2651,,28番 　現状　15.2g  ,,,,落札,"      123,000",,,,,,,,,,,,,,
東京エムジー時計,2024-04-29,,56,2,ー,時計,SW,ROLEX,,16234,,W番 保 冊子 コマ クロノタグ プライスタグ　※ブレス垂れ　  ,,,,落札,"      662,000",,,,,,,,,,,,,,
東京エムジー時計,2024-04-29,,56,4,ー,時計,YG,ROLEX,,18238,,S番 　　※ブレス垂れ　  ,,,,落札,"      1,900,000",,,,,,,,,,,,,,
東京エムジー時計,2024-04-29,,56,6,ー,時計,YG,ROLEX,,69158,,N番 　※ブレス垂れ　　  ,,,,落札,"      1,260,000",,,,,,,,,,,,,,
東京エムジー時計,2024-04-29,,56,7,ー,時計,YG,ROLEX,,69178,,N番 　※ブレス垂れ　ガラス擦れ　  ,,,,落札,"      895,000",,,,,,,,,,,,,,
東京エムジー時計,2024-04-29,,56,8,ー,時計,YG,ROLEX,,69178,,E番 　※ブレス垂れ　カレ遅い　  ,,,,落札,"      855,000",,,,,,,,,,,,,,
東京エムジー時計,2024-04-29,,56,9,ー,時計,SR,ROLEX,,1601,,箱,,,,      不成立,      不成立,      不成立,,,,,,,,,,,,,,
東京エムジー時計,2024-04-29,,56,10,ー,時計,SY,ROLEX,,16233,,E番 　デイデイト　※ブレス垂れ　竜頭重い  ,,,,落札,"      600,000",,,,,,,,  不成立,,,,,,,
東京エムジー時計,2024-04-29,,57,1,ー,時計,SW,ROLEX,,79174,,F番 箱 保 コマ　※ガラス擦れ　　  ,,,,落札,"      450,000",,,,,,,,,,,,,,
東京エムジー時計,2024-04-29,,57,4,ー,時計,SR,ROLEX,,1601,,5番 OH証明　　　  ,,,,落札,"      428,000",,,,,,,,,,,,,,
東京エムジー時計,2024-04-29,,57,6,ー,時計,SR,ROLEX,,179171,,箱 保 コマ,,,,落札,"      1,190,000",,,,,,,,,,,,,,
東京エムジー時計,2024-04-29,,57,8,ー,時計,SS,ROLEX,,16200,,P番 ケース 保 クロノタグ プライスタグ　　　  ,,,,落札,"      650,000",,,,,,,,,,,,,,
東京エムジー時計,2024-04-29,,57,9,ー,時計,SW,ROLEX,,6824,,5番 　※風防傷　　  ,,,,落札,"      363,000",,,,,,,,,,,,,,
東京エムジー時計,2024-04-29,,58,3,ー,時計,SR,ROLEX,,1601,,2番 コマ　※エトシミ　竜頭重い　ブレス垂れ  ,,,,落札,"      365,000",,,,,,,,,,,,,,
東京エムジー時計,2024-04-29,,58,5,ー,時計,SY,ROLEX,,1603,,2番 ケース 保 コマ　※風防傷　　  ,,,,落札,"      473,000",,,,,,,,,,,,,,
東京エムジー時計,2024-04-29,,58,6,ー,時計,SR,ROLEX,,1601,,2番 ケース コマ　　　  ,,,,落札,"      450,000",,,,,,,,,,,,,,
東京エムジー時計,2024-04-29,,61,5,ー,時計,YG,ROLEX,,16618,,P番 国ｻ保 ｺﾏ2 ｻﾌﾞﾏﾘｰﾅ  ,,,,落札,"      3,400,000",,,,,,,,,,,,,,
東京エムジー時計,2024-04-29,,61,6,ー,時計,SS,ROLEX,,116400,,ランダム番 保 ﾐﾙｶﾞｳｽ  ,,,,落札,"      1,080,000",,,,,,,,,,,,,,
東京エムジー時計,2024-04-29,,61,7,ー,時計,SS,ROLEX,,16220,,X番  ﾃﾞｲﾄｼﾞｬｽﾄ  ,,,,      不成立,      不成立,      不成立,,,,,,,,,,,,,,
東京エムジー時計,2024-04-29,,64,1,ー,時計,YG,ROLEX,,67488,,S番  ｵｲｽﾀｰﾊﾟｰﾍﾟﾁｭｱﾙ  ,,,,落札,"      830,000",,,,,,,,  不成立,,,,,,,
東京エムジー時計,2024-04-29,,64,2,ー,時計,YG,ROLEX,,69178,,X番  ﾃﾞｲﾄｼﾞｬｽﾄ  ,,,,落札,"      976,000",,,,,,,,,,,,,,
東京エムジー時計,2024-04-29,,64,3,ー,時計,YG,ROLEX,,67198,,N番 保 ｵｲｽﾀﾊﾟｰﾍﾟﾁｭｱﾙ　削れ  ,,,,落札,"      680,000",,,,,,,,,,,,,,
東京エムジー時計,2024-04-29,,64,4,ー,時計,SY,ROLEX,,69173,,96番 保 ﾃﾞｲﾄｼﾞｬｽﾄ  ,,,,落札,"      470,000",,,,,,,,,,,,,,
東京エムジー時計,2024-04-29,,64,5,ー,時計,SW,ROLEX,,79174,,P番  ﾃﾞｲﾄｼﾞｬｽﾄ  ,,,,落札,"      460,000",,,,,,,,,,,,,,
東京エムジー時計,2024-04-29,,64,6,ー,時計,SW,ROLEX,,79174,,K番 保 ﾃﾞｲﾄｼﾞｬｽﾄ  ,,,,落札,"      510,000",,,,,,,,,,,,,,
東京エムジー時計,2024-04-29,,64,7,ー,時計,SW,ROLEX,,79174,,A番  ﾃﾞｲﾄｼﾞｬｽﾄ  ,,,,落札,"      390,000",,,,,,,,,,,,,,
東京エムジー時計,2024-04-29,,64,8,ー,時計,SW,ROLEX,,79174,,K番  ﾃﾞｲﾄｼﾞｬｽﾄ  ,,,,落札,"      415,000",,,,,,,,,,,,,,
東京エムジー時計,2024-04-29,,64,9,ー,時計,SY,ROLEX,,76193,,K番  ｵｲｽﾀｰﾊﾟｰﾍﾟﾁｭｱﾙ  ,,,,落札,"      340,000",,,,,,,,,,,,,,
東京エムジー時計,2024-04-29,,64,10,ー,時計,SY,ROLEX,,67193,,L番  ｵｲｽﾀｰﾊﾟｰﾍﾟﾁｭｱﾙ  ,,,,落札,"      350,000",,,,,,,,,,,,,,
東京エムジー時計,2024-04-29,,65,2,ー,時計,SS,ROLEX,,116500,,ランダム番 保22  ,,,,落札,"      4,130,000",,,,,,,,,,,,,,
東京エムジー時計,2024-04-29,,65,3,ー,時計,SY,ROLEX,,116613,,ランダム番 保18  ,,,,落札,"      1,930,000",,,,,,,,,,,,,,
東京エムジー時計,2024-04-29,,65,4,ー,時計,SY,ROLEX,,16233,,Y番   ,,,,落札,"      700,000",,,,,,,,,,,,,,
東京エムジー時計,2024-04-29,,75,1,ー,時計,その他,ROLEX,,6917,,7番   ,,,,落札,"      241,000",,,,,,,,,,,,,,
東京エムジー時計,2024-04-29,,75,2,ー,時計,SW,ROLEX,,79174,,Y番 保  ,,,,落札,"      385,000",,,,,,,,,,,,,,
東京エムジー時計,2024-04-29,,75,3,ー,時計,SW,ROLEX,,6694,,2番   ,,,,落札,"      218,000",,,,,,,,,,,,,,
東京エムジー時計,2024-04-29,,75,4,ー,時計,SY,ROLEX,,1603,,3番   ,,,,落札,"      396,000",,,,,,,,,,,,,,
東京エムジー時計,2024-04-29,,75,5,ー,時計,SW,ROLEX,,6694,,7番   ,,,,落札,"      193,000",,,,,,,,,,,,,,
東京エムジー時計,2024-04-29,,75,6,ー,時計,SR,ROLEX,,1601,,3番   ,,,,落札,"      393,000",,,,,,,,,,,,,,
東京エムジー時計,2024-04-29,,75,7,ー,時計,SR,ROLEX,,1601,,2番   ,,,,落札,"      412,000",,,,,,,,,,,,,,
東京エムジー時計,2024-04-29,,75,8,ー,時計,SW,ROLEX,,6694,,8番   ,,,,落札,"      260,000",,,,,,,,,,,,,,
東京エムジー時計,2024-04-29,,75,9,ー,時計,SR,ROLEX,,1601,,2番   ,,,,落札,"      388,000",,,,,,,,,,,,,,
東京エムジー時計,2024-04-29,,75,10,ー,時計,SW,ROLEX,,6694,,1番   ,,,,落札,"      186,000",,,,,,,,,,,,,,
東京エムジー時計,2024-04-29,,85,1,ー,時計,SY,ROLEX,,69173,,U番 　シリアル、使用にする擦れにて一部不鮮明  ,,,,      不成立,      不成立,      不成立,,,,,,,,,,,,,,
東京エムジー時計,2024-04-29,,86,9,ー,時計,SY,ROLEX,,79173,,ケース 保 タグ コマ,,,,落札,"      480,000",,,,,,,,  不成立,,,,,,,
東京エムジー時計,2024-04-29,,86,10,ー,時計,YG,ROLEX,,79178,,,,,,      不成立,      不成立,      不成立,,,,,,,,,,,,,,
東京エムジー時計,2024-04-29,,104,2,ー,時計,,ROLEX,,,,,,,,落札,"      5,000",,,,,,,,  不成立,,,,,,,
東京エムジー時計,2024-04-29,,104,3,ー,時計,,ROLEX,,,,,,,,落札,"      12,000",,,,,,,,,,,,,,
東京エムジー時計,2024-04-29,,107,1,ー,時計,SY,ROLEX,,126713,,ランダム番 箱 保 説　未使用　取扱注意  ,,,,落札,"      2,800,000",,,,,,,,,,,,,,
東京エムジー時計,2024-04-29,,107,2,ー,時計,YG,ROLEX,,69078,,Ｌ番 箱  ,,,,落札,"      1,460,000",,,,,,,,,,,,,,
東京エムジー時計,2024-04-29,,107,3,ー,時計,SY,ROLEX,,16233,,Ｔ番 箱 保 説  ,,,,落札,"      743,000",,,,,,,,,,,,,,
東京エムジー時計,2024-04-29,,107,4,ー,時計,SW,ROLEX,,179174,,ランダム番 箱 保 コマ×3  ,,,,落札,"      669,000",,,,,,,,,,,,,,
東京エムジー時計,2024-04-29,,107,5,ー,時計,SY,ROLEX,,16013,,９４番   ,,,,落札,"      591,000",,,,,,,,,,,,,,
東京エムジー時計,2024-04-29,,107,6,ー,時計,SS,ROLEX,,16220,,Ｐ番 箱 説  ,,,,落札,"      463,000",,,,,,,,,,,,,,
東京エムジー時計,2024-04-29,,107,7,ー,時計,SY,ROLEX,,69173,,Ｓ番 箱  ,,,,落札,"      453,000",,,,,,,,,,,,,,
東京エムジー時計,2024-04-29,,107,8,ー,時計,SY,ROLEX,,79173,,Ｋ番 箱 保 説 コマ×2  ,,,,落札,"      466,000",,,,,,,,,,,,,,
東京エムジー時計,2024-04-29,,107,9,ー,時計,SW,ROLEX,,69174,,８７番   ,,,,落札,"      365,000",,,,,,,,,,,,,,
東京エムジー時計,2024-04-29,,109,4,ー,時計,PT,ROLEX,,6466,,,,,,落札,"      59,000",,,,,,,,,,,,,,
東京エムジー時計,2024-04-29,,109,5,ー,時計,SS,ROLEX,,1400,,,,,,落札,"      102,000",,,,,,,,,,,,,,
東京エムジー時計,2024-04-29,,110,2,ー,時計,SY,ROLEX,,16233,,Ｓ番 　ガラス欠け有　ベルトタレ　ベゼル、ベルト、小傷多い　カレンダー12時前で変わる  ,,,,落札,"      690,000",,,,,,,,,,,,,,
東京エムジー時計,2024-04-29,,111,1,ー,時計,SS,ROLEX,,214270,,ランダム番 箱　ベルト・ベゼル小傷有　  ,,,,落札,"      722,000",,,,,,,,,,,,,,
東京エムジー時計,2024-04-29,,113,6,ー,時計,YG,ROLEX,,9158,,,,,,落札,"      40,000",,,,,,,,,,,,,,
東京エムジー時計,2024-04-29,,115,1,ー,時計,YG,ROLEX,,16628,,Ｘ番   ,,,,      不成立,      不成立,      不成立,,,,,,,,,,,,,,
東京エムジー時計,2024-04-29,,117,3,ー,時計,SW,ROLEX,,116234,,Ｍ番   ,,,,落札,"      1,200,000",,,,,,,,  不成立,,,,,,,
東京エムジー時計,2024-04-29,,117,5,ー,時計,SS,ROLEX,,14000,,U番   ,,,,落札,"      432,000",,,,,,,,,,,,,,
東京エムジー時計,2024-04-29,,118,1,ー,時計,SY,ROLEX,,16233,,Ｓ番   ,,,,落札,"      557,000",,,,,,,,,,,,,,
東京エムジー時計,2024-04-29,,121,8,ー,時計,SW,ROLEX,,179174,,箱 保,,,,落札,"      662,000",,,,,,,,,,,,,,
東京エムジー時計,2024-04-29,,121,9,ー,時計,SR,ROLEX,,178271,,箱 保,,,,落札,"      1,610,000",,,,,,,,,,,,,,
東京エムジー時計,2024-04-29,,123,1,ー,時計,SS,ROLEX,,16710,,F番 コマ  ,,,,落札,"      1,330,000",,,,,,,,,,,,,,
東京エムジー時計,2024-04-29,,123,2,ー,時計,YG,ROLEX,,68278,,E番   ,,,,落札,"      1,440,000",,,,,,,,,,,,,,
東京エムジー時計,2024-04-29,,123,3,ー,時計,SS,ROLEX,,16600,,S番   ,,,,落札,"      945,000",,,,,,,,,,,,,,
東京エムジー時計,2024-04-29,,123,4,ー,時計,SS,ROLEX,,114270,,Z番 保 タグ  ,,,,落札,"      715,000",,,,,,,,,,,,,,
東京エムジー時計,2024-04-29,,123,5,ー,時計,SY,ROLEX,,16233,,X番   ,,,,落札,"      722,000",,,,,,,,,,,,,,
東京エムジー時計,2024-04-29,,123,6,ー,時計,SY,ROLEX,,16233,,S番   ,,,,落札,"      655,000",,,,,,,,,,,,,,
東京エムジー時計,2024-04-29,,123,7,ー,時計,SW,ROLEX,,279174,,ランダム番 保  ,,,,落札,"      860,000",,,,,,,,,,,,,,
東京エムジー時計,2024-04-29,,123,8,ー,時計,SS,ROLEX,,179160,,D番 保 国サ保 タグ  ,,,,落札,"      495,000",,,,,,,,,,,,,,
東京エムジー時計,2024-04-29,,123,9,ー,時計,SY,ROLEX,,69173,,X番 保　現状  ,,,,落札,"      450,000",,,,,,,,,,,,,,
東京エムジー時計,2024-04-29,,123,10,ー,時計,SY,ROLEX,,69173,,9番 台  ,,,,落札,"      390,000",,,,,,,,,,,,,,
東京エムジー時計,2024-04-29,,124,1,ー,時計,SS,ROLEX,,16030,,8番   ,,,,落札,"      463,000",,,,,,,,,,,,,,
東京エムジー時計,2024-04-29,,124,2,ー,時計,SS,ROLEX,,15200,,U番 　刻印削れ　現状  ,,,,落札,"      335,000",,,,,,,,,,,,,,
東京エムジー時計,2024-04-29,,124,3,ー,時計,SR,ROLEX,,1601,,2番 保 タグ  ,,,,落札,"      535,000",,,,,,,,,,,,,,
東京エムジー時計,2024-04-29,,124,4,ー,時計,SR,ROLEX,,1601,,4番   ,,,,落札,"      412,000",,,,,,,,,,,,,,
東京エムジー時計,2024-04-29,,124,5,ー,時計,SS,ROLEX,,77080,,D番   ,,,,落札,"      403,000",,,,,,,,,,,,,,
東京エムジー時計,2024-04-29,,124,6,ー,時計,SS,ROLEX,,5500,,2番   ,,,,落札,"      220,000",,,,,,,,,,,,,,
東京エムジー時計,2024-04-29,,124,7,ー,時計,SS,ROLEX,,6420,,ベルト バネ棒×2,,,,落札,"      106,000",,,,,,,,,,,,,,
東京エムジー時計,2024-04-29,,127,9,ー,時計,,ROLEX,,,,,,,,      不成立,      不成立,      不成立,,,,,,,,,,,,,,
東京エムジー時計,2024-04-29,,128,1,ー,時計,,ROLEX,,,,,,,,落札,"      10,000",,,,,,,,  不成立,,,,,,,
東京エムジー時計,2024-04-29,,133,1,ー,時計,,ROLEX,,2652,,,,,,落札,"      102,000",,,,,,,,,,,,,,
東京エムジー時計,2024-04-29,,136,1,ー,時計,SW,ROLEX,,69174,,X番   ,,,,落札,"      360,000",,,,,,,,,,,,,,
東京エムジー時計,2024-04-29,,168,1,ー,時計,,ROLEX,,,,2番 　総20.4g  ,,,,      不成立,      不成立,      不成立,,,,,,,,,,,,,,
東京エムジー時計,2024-04-29,,168,2,ー,時計,,ROLEX,,,,2番 　20.40g  ,,,,落札,"      150,000",,,,,,,,  不成立,,,,,,,
東京エムジー時計,2024-04-29,,168,3,ー,時計,SS,ROLEX,,6520,,1番   ,,,,落札,"      220,000",,,,,,,,,,,,,,
東京エムジー時計,2024-04-29,,168,4,ー,時計,YG,ROLEX,,6718,,5番   ,,,,落札,"      560,000",,,,,,,,,,,,,,
東京エムジー時計,2024-04-29,,168,5,ー,時計,その他,ROLEX,,6517,,2番   ,,,,      不成立,      不成立,      不成立,,,,,,,,,,,,,,
東京エムジー時計,2024-04-29,,168,6,ー,時計,その他,ROLEX,,6917,,6番   ,,,,      不成立,      不成立,      不成立,,,,,,,,  不成立,,,,,,,
東京エムジー時計,2024-04-29,,168,7,ー,時計,YG,ROLEX,,15038,,9番 保  ,,,,落札,"      651,000",,,,,,,,  不成立,,,,,,,
東京エムジー時計,2024-04-29,,168,8,ー,時計,SS,ROLEX,,14010,,A番 保  ,,,,落札,"      383,000",,,,,,,,,,,,,,
東京エムジー時計,2024-04-29,,168,9,ー,時計,SS,ROLEX,,16570,,A番 保  ,,,,落札,"      762,000",,,,,,,,,,,,,,
東京エムジー時計,2024-04-29,,168,10,ー,時計,SS,ROLEX,,14060,,D番 保  ,,,,落札,"      1,100,000",,,,,,,,,,,,,,
東京エムジー時計,2024-04-29,,170,1,ー,時計,SR,ROLEX,,2141,,10番 　総15.9g  ,,,,落札,"      75,000",,,,,,,,,,,,,,
東京エムジー時計,2024-04-29,,174,1,ー,時計,SR,ROLEX,,1601,,3番   ,,,,落札,"      401,000",,,,,,,,,,,,,,
東京エムジー時計,2024-04-29,,174,2,ー,時計,SR,ROLEX,,1601,,4番   ,,,,落札,"      362,000",,,,,,,,,,,,,,
東京エムジー時計,2024-04-29,,174,3,ー,時計,SR,ROLEX,,1601,,3番   ,,,,落札,"      403,000",,,,,,,,,,,,,,
東京エムジー時計,2024-04-29,,174,4,ー,時計,SY,ROLEX,,1603,,2番   ,,,,落札,"      386,000",,,,,,,,,,,,,,
東京エムジー時計,2024-04-29,,182,1,ー,時計,,ROLEX,,,,S番 デイトジャスト　NP　　ベルト破損  ,,,,落札,"      379,000",,,,,,,,,,,,,,
東京エムジー時計,2024-04-29,,182,2,ー,時計,SW,ROLEX,,16234,,W番 ★ ※風防割れ有　  ,,,,落札,"      693,000",,,,,,,,,,,,,,
東京エムジー時計,2024-04-29,,182,3,ー,時計,その他,ROLEX,,6917,,,,,,落札,"      212,000",,,,,,,,,,,,,,
東京エムジー時計,2024-04-29,,182,4,ー,時計,,ROLEX,,,,,,,,落札,"      595,000",,,,,,,,,,,,,,
東京エムジー時計,2024-04-29,,182,5,ー,時計,,ROLEX,,,,,,,,落札,"      570,000",,,,,,,,,,,,,,
東京エムジー時計,2024-04-29,,182,6,ー,時計,,ROLEX,,,,,,,,落札,"      1,910,000",,,,,,,,,,,,,,
東京エムジー時計,2024-04-29,,182,7,ー,時計,SY,ROLEX,,16013,,,,,,落札,"      504,000",,,,,,,,,,,,,,
東京エムジー時計,2024-04-29,,182,8,ー,時計,SR,ROLEX,,1601,,,,,,落札,"      443,000",,,,,,,,,,,,,,
東京エムジー時計,2024-04-29,,182,9,ー,時計,,ROLEX,,,,,,,,落札,"      538,000",,,,,,,,,,,,,,
東京エムジー時計,2024-04-29,,182,10,ー,時計,SY,ROLEX,,68273,,,,,,落札,"      681,000",,,,,,,,,,,,,,
東京エムジー時計,2024-04-29,,183,7,ー,時計,,ROLEX,,,,,,,,落札,"      175,000",,,,,,,,,,,,,,
東京エムジー時計,2024-04-29,,183,8,ー,時計,,ROLEX,,,,,,,,落札,"      125,000",,,,,,,,,,,,,,
東京エムジー時計,2024-04-29,,183,10,ー,時計,,ROLEX,,,,,,,,落札,"      164,000",,,,,,,,,,,,,,
東京エムジー時計,2024-04-29,,187,1,ー,時計,WG,ROLEX,,116519,,P番   ,,,,落札,"      4,850,000",,,,,,,,,,,,,,
東京エムジー時計,2024-04-29,,187,6,ー,時計,SS,ROLEX,,14060,,P番 箱 保 コマ1  ,,,,落札,"      1,000,000",,,,,,,,,,,,,,
東京エムジー時計,2024-04-29,,188,4,ー,時計,SR,ROLEX,,1601,,2番 台　現状  ,,,,落札,"      318,000",,,,,,,,,,,,,,
東京エムジー時計,2024-04-29,,189,5,ー,時計,SW,ROLEX,,67514,,E番 保 コマ1　不動  ,,,,      不成立,      不成立,      不成立,,,,,,,,,,,,,,
東京エムジー時計,2024-04-29,,190,7,ー,時計,,ROLEX,,,,1番 プレシジョン　台　総15.4g  ,,,,落札,"      95,000",,,,,,,,  不成立,,,,,,,
東京エムジー時計,2024-04-29,,191,3,ー,時計,SR,ROLEX,,1601,,3番   ,,,,落札,"      401,000",,,,,,,,,,,,,,
東京エムジー時計,2024-04-29,,191,4,ー,時計,SW,ROLEX,,16234,,W番 ケース コマ3  ,,,,落札,"      526,000",,,,,,,,,,,,,,
東京エムジー時計,2024-04-29,,191,5,ー,時計,,ROLEX,,168622,,ランダム番 保  ,,,,落札,"      800,000",,,,,,,,,,,,,,
東京エムジー時計,2024-04-29,,191,6,ー,時計,,ROLEX,,16622,,M番 保  ,,,,落札,"      1,200,000",,,,,,,,,,,,,,
東京エムジー時計,2024-04-29,,191,7,ー,時計,SS,ROLEX,,16800,,8番   ,,,,落札,"      840,000",,,,,,,,,,,,,,
東京エムジー時計,2024-04-29,,194,8,ー,時計,,ROLEX,,,,4番 ★　　現状　取扱注意　ベルトちぎれ  ,,,,落札,"      550,000",,,,,,,,,,,,,,
東京エムジー時計,2024-04-29,,194,9,ー,時計,SY,ROLEX,,16523,,W番 保 メーカー修理  ,,,,      不成立,      不成立,      不成立,,,,,,,,,,,,,,
東京エムジー時計,2024-04-29,,196,10,ー,時計,SS,ROLEX,,214270,,ランダム番 保  ,,,,落札,"      838,000",,,,,,,,  不成立,,,,,,,
東京エムジー時計,2024-04-29,,201,6,ー,時計,SS,ROLEX,,116200,,M番 保 コマ1  ,,,,落札,"      925,000",,,,,,,,,,,,,,
東京エムジー時計,2024-04-29,,204,4,ー,時計,SW,ROLEX,,6694,,34番   ,,,,落札,"      243,000",,,,,,,,,,,,,,
東京エムジー時計,2024-04-29,,204,7,ー,時計,SR,ROLEX,,1501,,12番   ,,,,落札,"      213,000",,,,,,,,,,,,,,
東京エムジー時計,2024-04-29,,204,8,ー,時計,SY,ROLEX,,76183,,A番 箱 保 コマ2　  ,,,,落札,"      433,000",,,,,,,,,,,,,,
東京エムジー時計,2024-04-29,,206,1,ー,時計,SW,ROLEX,,79174,,K番 日ロレ納品書  ,,,,落札,"      405,000",,,,,,,,,,,,,,
東京エムジー時計,2024-04-29,,206,2,ー,時計,SY,ROLEX,,69173,,E番   ,,,,落札,"      396,000",,,,,,,,,,,,,,
東京エムジー時計,2024-04-29,,206,3,ー,時計,SS,ROLEX,,16200,,A番   ,,,,落札,"      585,000",,,,,,,,,,,,,,
東京エムジー時計,2024-04-29,,206,4,ー,時計,SR,ROLEX,,1601,,17番 　1部見えにくい  ,,,,落札,"      374,000",,,,,,,,,,,,,,
東京エムジー時計,2024-04-29,,206,5,ー,時計,PT,ROLEX,,6466,,R番   ,,,,落札,"      196,000",,,,,,,,,,,,,,
東京エムジー時計,2024-04-29,,206,6,ー,時計,SR,ROLEX,,1601,,33番  シグマダイアル  ,,,,落札,"      427,000",,,,,,,,,,,,,,
東京エムジー時計,2024-04-29,,207,8,ー,時計,SS,ROLEX,,15200,,A番 　シリアル一部見えずらい  ,,,,落札,"      370,000",,,,,,,,,,,,,,
東京エムジー時計,2024-04-29,,207,10,ー,時計,SS,ROLEX,,17000,,,,,,落札,"      568,000",,,,,,,,,,,,,,
東京エムジー時計,2024-04-29,,213,7,ー,時計,SW,ROLEX,,79174,,Y番 箱 保 国サ保  ,,,,落札,"      385,000",,,,,,,,,,,,,,
東京エムジー時計,2024-04-29,,214,2,ー,時計,SS,ROLEX,,67180,,T番   ,,,,落札,"      268,000",,,,,,,,,,,,,,
東京エムジー時計,2024-04-29,,214,3,ー,時計,SW,ROLEX,,6694,,5番   ,,,,落札,"      311,000",,,,,,,,,,,,,,
東京エムジー時計,2024-04-29,,214,4,ー,時計,SS,ROLEX,,14000,,X番 箱  ,,,,落札,"      443,000",,,,,,,,,,,,,,
東京エムジー時計,2024-04-29,,214,5,ー,時計,SY,ROLEX,,179173,,F番   ,,,,落札,"      871,000",,,,,,,,,,,,,,
東京エムジー時計,2024-04-29,,216,1,ー,時計,SY,ROLEX,,179173,,D番   ,,,,落札,"      605,000",,,,,,,,,,,,,,
東京エムジー時計,2024-04-29,,216,2,ー,時計,SY,ROLEX,,69173,,U番   ,,,,落札,"      638,000",,,,,,,,,,,,,,
東京エムジー時計,2024-04-29,,216,3,ー,時計,SS,ROLEX,,77080,,A番 コマ  ,,,,落札,"      365,000",,,,,,,,,,,,,,
東京エムジー時計,2024-04-29,,216,4,ー,時計,SW,ROLEX,,3804,,39番    32.9g  ,,,,落札,"      180,000",,,,,,,,,,,,,,
東京エムジー時計,2024-04-29,,216,5,ー,時計,SR,ROLEX,,4081,,36番 保  ,,,,落札,"      250,000",,,,,,,,,,,,,,
東京エムジー時計,2024-04-29,,216,6,ー,時計,SY,ROLEX,,2653,,32番   ,,,,落札,"      70,000",,,,,,,,,,,,,,
東京エムジー時計,2024-04-29,,216,7,ー,時計,その他,ROLEX,,6917,,34番   ,,,,落札,"      213,000",,,,,,,,,,,,,,
東京エムジー時計,2024-04-29,,216,8,ー,時計,その他,ROLEX,,6517,,56番   ,,,,落札,"      123,000",,,,,,,,,,,,,,
東京エムジー時計,2024-04-29,,216,9,ー,時計,SW,ROLEX,,6524,,21番   ,,,,      不成立,      不成立,      不成立,,,,,,,,,,,,,,
東京エムジー時計,2024-04-29,,216,10,ー,時計,SS,ROLEX,,6410,,12番   ,,,,落札,"      82,000",,,,,,,,  不成立,,,,,,,
東京エムジー時計,2024-04-29,,218,1,ー,時計,,ROLEX,,169622,,P番 保  ,,,,落札,"      625,000",,,,,,,,,,,,,,
東京エムジー時計,2024-04-29,,218,2,ー,時計,SS,ROLEX,,67480,,U番 保  ,,,,落札,"      368,000",,,,,,,,,,,,,,
東京エムジー時計,2024-04-29,,218,3,ー,時計,SS,ROLEX,,76080,,A番 保  ,,,,落札,"      303,000",,,,,,,,,,,,,,
東京エムジー時計,2024-04-29,,220,1,ー,時計,SY,ROLEX,,1803,,20番   ,,,,      不成立,      不成立,      不成立,,,,,,,,,,,,,,
東京エムジー時計,2024-04-29,,220,2,ー,時計,SS,ROLEX,,67480,,U番   ,,,,落札,"      354,000",,,,,,,,  不成立,,,,,,,
東京エムジー時計,2024-04-29,,220,3,ー,時計,SS,ROLEX,,76030,,A番   ,,,,落札,"      254,000",,,,,,,,,,,,,,
東京エムジー時計,2024-04-29,,220,4,ー,時計,SS,ROLEX,,69160,,S番 コマ　  ,,,,      不成立,      不成立,      不成立,,,,,,,,,,,,,,
東京エムジー時計,2024-04-29,,220,5,ー,時計,PT,ROLEX,,6516,,24番 コマ  ,,,,      不成立,      不成立,      不成立,,,,,,,,  不成立,,,,,,,
東京エムジー時計,2024-04-29,,220,6,ー,時計,WG,ROLEX,,6619,,89番   ,,,,落札,"      156,000",,,,,,,,  不成立,,,,,,,
東京エムジー時計,2024-04-29,,221,1,ー,時計,SW,ROLEX,,6694,,12番 保  ,,,,落札,"      287,000",,,,,,,,,,,,,,
東京エムジー時計,2024-04-29,,221,2,ー,時計,SW,ROLEX,,6694,,51番   ,,,,落札,"      200,000",,,,,,,,,,,,,,
東京エムジー時計,2024-04-29,,221,3,ー,時計,SW,ROLEX,,6694,,31番   ,,,,落札,"      173,000",,,,,,,,,,,,,,
東京エムジー時計,2024-04-29,,221,4,ー,時計,SW,ROLEX,,6694,,75番   ,,,,      不成立,      不成立,      不成立,,,,,,,,,,,,,,
東京エムジー時計,2024-04-29,,221,5,ー,時計,その他,ROLEX,,6517,,13番   ,,,,落札,"      148,000",,,,,,,,  不成立,,,,,,,
東京エムジー時計,2024-04-29,,221,6,ー,時計,PT,ROLEX,,6516,,11番   ,,,,落札,"      145,000",,,,,,,,,,,,,,
東京エムジー時計,2024-04-29,,223,1,ー,時計,PT,ROLEX,,6426,,22番   ,,,,落札,"      170,000",,,,,,,,,,,,,,
東京エムジー時計,2024-04-29,,223,2,ー,時計,SW,ROLEX,,6694,,51番   ,,,,落札,"      163,000",,,,,,,,,,,,,,
東京エムジー時計,2024-04-29,,223,3,ー,時計,WG,ROLEX,,6919,,34番   ,,,,落札,"      163,000",,,,,,,,,,,,,,
東京エムジー時計,2024-04-29,,223,4,ー,時計,PT,ROLEX,,6516,,19番   ,,,,落札,"      154,000",,,,,,,,,,,,,,
東京エムジー時計,2024-04-29,,223,5,ー,時計,YG,ROLEX,,6618,,28番   ,,,,落札,"      132,000",,,,,,,,,,,,,,
東京エムジー時計,2024-04-29,,223,6,ー,時計,その他,ROLEX,,6517,,97番   ,,,,落札,"      145,000",,,,,,,,,,,,,,
東京エムジー時計,2024-04-29,,223,7,ー,時計,その他,ROLEX,,6517,,9番   ,,,,落札,"      138,000",,,,,,,,,,,,,,
東京エムジー時計,2024-04-29,,224,1,ー,時計,SY,ROLEX,,16203,,T番 　ニックプライス　限定200本  ,,,,      不成立,      不成立,      不成立,,,,,,,,,,,,,,
東京エムジー時計,2024-04-29,,224,5,ー,時計,SR,ROLEX,,2171,,13番 　15.3g  ,,,,落札,"      96,000",,,,,,,,  不成立,,,,,,,
東京エムジー時計,2024-04-29,,225,1,ー,時計,SW,ROLEX,,6694,,50番   ,,,,落札,"      221,000",,,,,,,,,,,,,,
東京エムジー時計,2024-04-29,,225,2,ー,時計,その他,ROLEX,,6917,,39番   ,,,,落札,"      256,000",,,,,,,,,,,,,,
東京エムジー時計,2024-04-29,,225,3,ー,時計,その他,ROLEX,,6917,,28番   ,,,,落札,"      210,000",,,,,,,,,,,,,,
東京エムジー時計,2024-04-29,,225,4,ー,時計,その他,ROLEX,,6517,,22番   ,,,,落札,"      138,000",,,,,,,,,,,,,,
東京エムジー時計,2024-04-29,,225,5,ー,時計,その他,ROLEX,,6517,,26番   ,,,,落札,"      194,000",,,,,,,,,,,,,,
東京エムジー時計,2024-04-29,,225,6,ー,時計,YG,ROLEX,,6618,,19番   ,,,,      不成立,      不成立,      不成立,,,,,,,,,,,,,,
東京エムジー時計,2024-04-29,,235,3,ー,時計,,ROLEX,,,,29番 ﾁｪﾘｰﾆ 金無垢   ,,,,落札,"      385,000",,,,,,,,  不成立,,,,,,,
東京エムジー時計,2024-04-29,,235,8,ー,時計,,ROLEX,,,,,,,,落札,"      92,000",,,,,,,,,,,,,,
東京エムジー時計,2024-04-29,,236,1,ー,時計,,ROLEX,,,,34番 チェリーニ　 18K刻印 重量47.3g ※裏蓋K18 ﾍﾞﾙﾄSV  ,,,,落札,"      107,000",,,,,,,,,,,,,,
東京エムジー時計,2024-04-29,,236,5,ー,時計,,ROLEX,,,,,,,,落札,"      628,000",,,,,,,,,,,,,,
東京エムジー時計,2024-04-29,,236,6,ー,時計,,ROLEX,,,,8番 プレシジョン　社外ﾍﾞﾙﾄ   ,,,,落札,"      56,000",,,,,,,,,,,,,,
東京エムジー時計,2024-04-29,,262,1,ー,時計,SS,ROLEX,,16710,,,,,,落札,"      1,330,000",,,,,,,,,,,,,,
東京エムジー時計,2024-04-29,,262,3,ー,時計,SW,ROLEX,,16234,,保,,,,落札,"      799,000",,,,,,,,,,,,,,
東京エムジー時計,2024-04-29,,262,4,ー,時計,SY,ROLEX,,68273,,,,,,落札,"      758,000",,,,,,,,,,,,,,
東京エムジー時計,2024-04-29,,262,6,ー,時計,SW,ROLEX,,16234,,,,,,落札,"      576,000",,,,,,,,,,,,,,
東京エムジー時計,2024-04-29,,262,7,ー,時計,SS,ROLEX,,16030,,保,,,,落札,"      545,000",,,,,,,,,,,,,,
東京エムジー時計,2024-04-29,,263,3,ー,時計,,ROLEX,,,,,,,,      不成立,      不成立,      不成立,,,,,,,,,,,,,,
東京エムジー時計,2024-04-29,,273,7,ー,時計,SY,ROLEX,,16233,,箱 コマ1 タグ,,,,落札,"      685,000",,,,,,,,  不成立,,,,,,,
東京エムジー時計,2024-04-29,,275,1,ー,時計,WG,ROLEX,,116509,,K番 保ｶｰﾄﾞﾃﾞｲﾄﾅ　  ,,,,落札,"      4,190,000",,,,,,,,,,,,,,
東京エムジー時計,2024-04-29,,275,2,ー,時計,SS,ROLEX,,116520,,Y番 保ﾃﾞｲﾄﾅ　  ,,,,      不成立,      不成立,      不成立,,,,,,,,,,,,,,
東京エムジー時計,2024-04-29,,275,3,ー,時計,SR,ROLEX,,126301,,保23/12,,,,落札,"      1,850,000",,,,,,,,  不成立,,,,,,,
東京エムジー時計,2024-04-29,,275,4,ー,時計,SS,ROLEX,,16710,,Y番 GMTﾏｽﾀｰ2　  ,,,,落札,"      1,260,000",,,,,,,,,,,,,,
東京エムジー時計,2024-04-29,,275,5,ー,時計,SS,ROLEX,,16600,,K番 保ｼｰﾄﾞｩｴﾗｰ　  ,,,,落札,"      1,060,000",,,,,,,,,,,,,,
東京エムジー時計,2024-04-29,,275,6,ー,時計,SR,ROLEX,,179161,,,,,,      不成立,      不成立,      不成立,,,,,,,,,,,,,,
東京エムジー時計,2024-04-29,,276,3,ー,時計,SW,ROLEX,,116264,,D番   ,,,,落札,"      863,000",,,,,,,,  不成立,,,,,,,
東京エムジー時計,2024-04-29,,276,4,ー,時計,SS,ROLEX,,16610,,F番 箱 保　ファット4　ビックスイス　デイトストックシール付  ,,,,落札,"      2,510,000",,,,,,,,,,,,,,
東京エムジー時計,2024-04-29,,276,7,ー,時計,SY,ROLEX,,124273,,箱 保,,,,落札,"      1,350,000",,,,,,,,,,,,,,
東京エムジー時計,2024-04-29,,276,8,ー,時計,SS,ROLEX,,16520,,N番 箱 保　逆6  ,,,,落札,"      3,870,000",,,,,,,,,,,,,,
東京エムジー時計,2024-04-29,,277,1,ー,時計,SS,ROLEX,,1680,,,,,,落札,"      1,560,000",,,,,,,,,,,,,,
東京エムジー時計,2024-04-29,,277,2,ー,時計,SY,ROLEX,,16233,,,,,,落札,"      683,000",,,,,,,,,,,,,,
東京エムジー時計,2024-04-29,,278,1,ー,時計,SS,ROLEX,,126660,,箱 保 コマ,,,,落札,"      1,460,000",,,,,,,,,,,,,,
東京エムジー時計,2024-04-29,,278,2,ー,時計,,ROLEX,,116622,,箱 保 コマ,,,,落札,"      1,560,000",,,,,,,,,,,,,,
東京エムジー時計,2024-04-29,,278,3,ー,時計,SS,ROLEX,,116000,,箱 保 コマ,,,,落札,"      780,000",,,,,,,,,,,,,,
東京エムジー時計,2024-04-29,,278,4,ー,時計,SY,ROLEX,,69173,,S番 箱 コマ  ,,,,落札,"      397,000",,,,,,,,,,,,,,
東京エムジー時計,2024-04-29,,278,5,ー,時計,SR,ROLEX,,1601,,2番 箱  ,,,,落札,"      450,000",,,,,,,,,,,,,,
東京エムジー時計,2024-04-29,,278,6,ー,時計,SY,ROLEX,,17013,,5番 ケース 保  ,,,,落札,"      600,000",,,,,,,,,,,,,,
東京エムジー時計,2024-04-29,,278,7,ー,時計,SY,ROLEX,,79173,,K番 箱 保 コマ  ,,,,落札,"      640,000",,,,,,,,,,,,,,
東京エムジー時計,2024-04-29,,278,8,ー,時計,SW,ROLEX,,6524,,2番 箱 保  ,,,,落札,"      228,000",,,,,,,,,,,,,,
東京エムジー時計,2024-04-29,,278,9,ー,時計,SY,ROLEX,,16613,,U番 箱 保  ,,,,落札,"      1,060,000",,,,,,,,,,,,,,
東京エムジー時計,2024-04-29,,278,10,ー,時計,SS,ROLEX,,16220,,X番   ,,,,落札,"      562,000",,,,,,,,,,,,,,
東京エムジー時計,2024-04-29,,279,1,ー,時計,SW,ROLEX,,68274,,L番 保  ,,,,落札,"      638,000",,,,,,,,,,,,,,
東京エムジー時計,2024-04-29,,279,2,ー,時計,SW,ROLEX,,69174,,N番   ,,,,落札,"      330,000",,,,,,,,,,,,,,
東京エムジー時計,2024-04-29,,279,3,ー,時計,SS,ROLEX,,14000,,K番   ,,,,落札,"      440,000",,,,,,,,,,,,,,
東京エムジー時計,2024-04-29,,279,4,ー,時計,SY,ROLEX,,16233,,4番   ,,,,落札,"      640,000",,,,,,,,,,,,,,
東京エムジー時計,2024-04-29,,279,5,ー,時計,その他,ROLEX,,6517,,8番   ,,,,落札,"      241,000",,,,,,,,,,,,,,
東京エムジー時計,2024-04-29,,279,6,ー,時計,SR,ROLEX,,1501,,9番   ,,,,落札,"      178,000",,,,,,,,,,,,,,
東京エムジー時計,2024-04-29,,279,7,ー,時計,SS,ROLEX,,76080,,Ｐ番   ,,,,落札,"      261,000",,,,,,,,,,,,,,
東京エムジー時計,2024-04-29,,281,1,ー,時計,SS,ROLEX,,15210,,W番   ,,,,落札,"      430,000",,,,,,,,,,,,,,
東京エムジー時計,2024-04-29,,283,1,ー,時計,SS,ROLEX,,16610,,Ｆ番   ,,,,落札,"      1,440,000",,,,,,,,,,,,,,
東京エムジー時計,2024-04-29,,283,2,ー,時計,SS,ROLEX,,116710,,V番 箱 保 2コマ  ,,,,落札,"      1,530,000",,,,,,,,,,,,,,
東京エムジー時計,2024-04-29,,283,3,ー,時計,SY,ROLEX,,16233,,10PダイヤW番   ,,,,落札,"      775,000",,,,,,,,,,,,,,
東京エムジー時計,2024-04-29,,283,4,ー,時計,SW,ROLEX,,179174,,D番 箱 保 3コマピンク10Pダイヤ　　リューズ引き出し段無  ,,,,落札,"      670,000",,,,,,,,,,,,,,
東京エムジー時計,2024-04-29,,285,1,ー,時計,WG,ROLEX,,116509,,D番   ,,,,落札,"      3,640,000",,,,,,,,,,,,,,
東京エムジー時計,2024-04-29,,286,1,ー,時計,SS,ROLEX,,16660,,88番 ｼｰﾄﾞｩｴﾗｰ　  ,,,,落札,"      850,000",,,,,,,,,,,,,,
東京エムジー時計,2024-04-29,,286,2,ー,時計,SY,ROLEX,,16233,,L番 ﾃﾞｲﾄｼﾞｬｽﾄ　  ,,,,落札,"      655,000",,,,,,,,,,,,,,
東京エムジー時計,2024-04-29,,286,3,ー,時計,SW,ROLEX,,16014,,57番 ﾃﾞｲﾄｼﾞｬｽﾄ　  ,,,,      不成立,      不成立,      不成立,,,,,,,,,,,,,,
東京エムジー時計,2024-04-29,,286,4,ー,時計,SS,ROLEX,,14010,,ｴｱｷﾝｸﾞT番 保 国ｻ保　ｼﾘｱﾙ削れ  ,,,,      不成立,      不成立,      不成立,,,,,,,,  不成立,,,,,,,
東京エムジー時計,2024-04-29,,287,8,ー,時計,SY,ROLEX,,116523,,箱 保 サ保,,,,落札,"      2,100,000",,,,,,,,  不成立,,,,,,,
東京エムジー時計,2024-04-29,,287,9,ー,時計,SY,ROLEX,,16013,,,,,,      不成立,      不成立,      不成立,,,,,,,,,,,,,,
東京エムジー時計,2024-04-29,,287,10,ー,時計,YG,ROLEX,,18238,,サ保（21）,,,,落札,"      2,070,000",,,,,,,,  不成立,,,,,,,
東京エムジー時計,2024-04-29,,288,4,ー,時計,SS,ROLEX,,6430,,,,,,      不成立,      不成立,      不成立,,,,,,,,,,,,,,
東京エムジー時計,2024-04-29,,293,1,ー,時計,SY,ROLEX,,116613,,V番 箱 保 コマ  ,,,,落札,"      1,840,000",,,,,,,,  不成立,,,,,,,
東京エムジー時計,2024-04-29,,293,2,ー,時計,SS,ROLEX,,16610,,F番 箱 コマ  ,,,,落札,"      1,010,000",,,,,,,,,,,,,,
東京エムジー時計,2024-04-29,,293,3,ー,時計,SS,ROLEX,,16610,,U番 箱 保  ,,,,落札,"      1,080,000",,,,,,,,,,,,,,
東京エムジー時計,2024-04-29,,293,4,ー,時計,SS,ROLEX,,16570,,U番 ケース コマ  ,,,,落札,"      790,000",,,,,,,,,,,,,,
東京エムジー時計,2024-04-29,,293,5,ー,時計,SY,ROLEX,,69173,,S番   ,,,,落札,"      440,000",,,,,,,,,,,,,,
